,Reg of man,Verkiezing,RegeerperiodeVan,RegeerperiodeTot,Referentie bevoegdheidsbesluit in Codex / URL uitslag,Referentie in K,,Naam regering,Naam,Toelichting,SamenstellingVan,SamenstellingTot,VoornaamMandaathouder,AchternaamMandaathouder,Partij,MP/Vice,rang,Titel,Redactioneel kader
,,,,,,,,,,,,,,,,,,,
488,periode,11/8/1981,1981,1985,,,,Geens,Geens I,,,,,,,,,,"Na de parlementsverkiezingen van 8 november 1981 kon de eerste Vlaamse Regering de eed afleggen.
Die regering (toen nog 'Vlaamse executieve' genaamd) werd uit en door de Vlaamse Raad benoemd, waarbij ze voor een periode van vier jaar proportioneel moest worden samengesteld. De proportionaliteit was door de wetgever opgelegd omdat op die manier alle grote politieke strekkingen bij de werking van de eerste gemeenschaps- en gewestregeringen werden betrokken, wat hun werking en de uitbouw van de politieke autonomie van de deelstaten ten goede zou komen.
De installatie van de Vlaamse Regering vond plaats op 22 december 1981. Gaston Geens werd tot voorzitter benoemd. De Vlaamse Regering telde negen leden: vier CVP-, twee SP-, twee PVV- en één VU-minister(s)."
478,regering,,1981,1985,https://codex.vlaanderen.be/Zoeken/Document.aspx?DID=1007626&param=informatie,BVR 18/1/1982,nog niet digitaal,Geens I.1,Geens I,"Verkiezing Federaal Parlement op 8 november 1981.
Proportioneel samengestelde regering voor 4 jaar",12/22/1981,7/22/1982,,,,,,,
479,mandaat,,1981,1985,,,,Geens I.1,Geens I,,,,Gaston,Geens,CVP,Voorzitter van de Vlaamse Executieve,1,Gemeenschapsminister  van Economie en Werkgelegenheid,
480,mandaat,,1981,1985,,,,Geens I.1,Geens I,,,,Karel,Poma,PVV,Vice-Voorzitter van de Vlaamse Executieve,2,Gemeenschapsminister  van Cultuur,
481,mandaat,,1981,1985,,,,Geens I.1,Geens I,,,,Mark,Galle,SP,,3,Gemeenschapsminister  van Ondergeschikte Besturen en Gesubsidieerde Werken,
482,mandaat,,1981,1985,,,,Geens I.1,Geens I,,,,Rika,Steyaert,CVP,,4,Gemeenschapsminister  van Gezin en Welzijnszorg,
483,mandaat,,1981,1985,,,,Geens I.1,Geens I,,,,Hugo,Schiltz,VU,,5,Gemeenschapsminister  van Financiën,
484,mandaat,,1981,1985,,,,Geens I.1,Geens I,,,,Paul,Akkermans,CVP,,6,"Gemeenschapsminister  van Ruimtelijke Ordening, Landinrichting en Natuurbehoud",
485,mandaat,,1981,1985,,,,Geens I.1,Geens I,,,,Jacky,Buchmann,PVV,,7,Gemeenschapsminister  van Huisvesting,
486,mandaat,,1981,1985,,,,Geens I.1,Geens I,,,,Roger,De Wulf,SP,,8,Gemeenschapsminister  van Gezondheidsbeleid,
487,mandaat,,1981,1985,,,,Geens I.1,Geens I,,,,Jan,Lenssens,CVP,,9,"Gemeenschapsminister  van Leefmilieu, Waterbeleid en Onderwijs",
468,regering,,1981,1985,https://codex.vlaanderen.be/Zoeken/Document.aspx?DID=1009121&param=informatie,BVR 14/07/1982,nog niet digitaal,Geens I.2,Geens I,Bevoegdheidsomschrijving gewijzigd,7/23/1982,12/10/1985,,,,,,,
469,mandaat,,1981,1985,,,,Geens I.2,Geens I,,,,Gaston,Geens,CVP,Voorzitter van de Vlaamse Executieve,1,Gemeenschapsminister  van Economie en Werkgelegenheid,
470,mandaat,,1981,1985,,,,Geens I.2,Geens I,,,,Karel,Poma,PVV,Vice-Voorzitter van de Vlaamse Executieve,2,Gemeenschapsminister  van Cultuur,
471,mandaat,,1981,1985,,,,Geens I.2,Geens I,,,,Mark,Galle,SP,,3,Gemeenschapsminister van Binnenlandse Aangelegenheden,
472,mandaat,,1981,1985,,,,Geens I.2,Geens I,,,,Rika,Steyaert,CVP,,4,Gemeenschapsminister  van Gezin en Welzijnszorg,
473,mandaat,,1981,1985,,,,Geens I.2,Geens I,,,,Hugo,Schiltz,VU,,5,Gemeenschapsminister  van Financiën,
474,mandaat,,1981,1985,,,,Geens I.2,Geens I,,,,Paul,Akkermans,CVP,,6,"Gemeenschapsminister  van Ruimtelijke Ordening, Landinrichting en Natuurbehoud",
475,mandaat,,1981,1985,,,,Geens I.2,Geens I,,,,Jacky,Buchmann,PVV,,7,Gemeenschapsminister  van Huisvesting,
476,mandaat,,1981,1985,,,,Geens I.2,Geens I,,,,Roger,De Wulf,SP,,8,Gemeenschapsminister  van Gezondheidsbeleid,
477,mandaat,,1981,1985,,,,Geens I.2,Geens I,,,,Jan,Lenssens,CVP,,9,"Gemeenschapsminister  van Leefmilieu, Waterbeleid en Onderwijs",
467,periode,10/13/1985,1985,1988,,,,Geens II,Geens II,,,,,,,,,,"Na de verkiezingen van 13 oktober 1985 werd op 10 december 1985 een nieuwe Vlaamse Regering samengesteld, voor het eerst volgens het meerderheidsprincipe. De CVP-PVV-coalitie bestond weer uit negen ministers en Gaston Geens werd opnieuw voorzitter."
457,regering,,1985,1988,https://codex.vlaanderen.be/Zoeken/Document.aspx?DID=1005649&param=informatie,BVR 11/12/1985,nog niet digitaal,Geens II.1,Geens II,"Verkiezingen Federaal Parlement 13 oktober 1985
Meerderheidsregering",12/11/1985,10/19/1987,,,,,,,
458,mandaat,,1985,1988,,,,Geens II.1,Geens II,,,,Gaston,Geens,CVP,Voorzitter van de Vlaamse Executieve,1,Gemeenschapsminister  van Economie en Werkgelegenheid,
459,mandaat,,1985,1988,,,,Geens II.1,Geens II,,,,Louis,Waltniel,PVV,Vice-Voorzitter van de Vlaamse Executieve,2,Gemeenschapsminister  van Financiën en Begroting,
460,mandaat,,1985,1988,,,,Geens II.1,Geens II,,,,Rika,Steyaert,CVP,,3,Gemeenschapsminister  van Gezin en Welzijnszorg,
461,mandaat,,1985,1988,,,,Geens II.1,Geens II,,,,Paul,Akkermans,CVP,,4,Gemeenschapsminister  van Huisvesting,
462,mandaat,,1985,1988,,,,Geens II.1,Geens II,,,,Jan,Lenssens,CVP,,5,Gemeenschapsminister  van Volksgezondheid en Leefmilieu,
463,mandaat,,1985,1988,,,,Geens II.1,Geens II,,,,Jean,Pede,PVV,,6,Gemeenschapsminister  van Binnenlandse Aangelegenheden en Ruimtelijke Ordening,
464,mandaat,,1985,1988,,,,Geens II.1,Geens II,,,,Theo,Kelchtermans,CVP,,7,Gemeenschapsminister  van Onderwijs en Opleiding,
465,mandaat,,1985,1988,,,,Geens II.1,Geens II,,,,Paul,Deprez,CVP,,8,Gemeenschapsminister van Externe Betrekkingen,
466,mandaat,,1985,1988,,,,Geens II.1,Geens II,,,,Patrick,Dewael,PVV,,9,Gemeenschapsminister  van Cultuur,
447,regering,,1985,1988,https://codex.vlaanderen.be/Zoeken/Document.aspx?DID=1005236&param=informatie,BVR 20/10/1987,nog niet digitaal,Geens II.2,Geens II,Paul Akkermans ontslagnemend vanaf 20.10.1987 en eedaflegging door Jos DUPRE op 20.10.1987  ,10/20/1987,2/2/1988,,,,,,,
448,mandaat,,1985,1988,,,,Geens II.2,Geens II,,,,Gaston,Geens,CVP,Voorzitter van de Vlaamse Executieve,1,Gemeenschapsminister  van Economie en Werkgelegenheid,
449,mandaat,,1985,1988,,,,Geens II.2,Geens II,,,,Louis,Waltniel,PVV,Vice-Voorzitter van de Vlaamse Executieve,2,Gemeenschapsminister  van Financiën en Begroting,
450,mandaat,,1985,1988,,,,Geens II.2,Geens II,,,,Rika,Steyaert,CVP,,3,Gemeenschapsminister  van Gezin en Welzijnszorg,
451,mandaat,,1985,1988,,,,Geens II.2,Geens II,,,,Jan,Lenssens,CVP,,4,Gemeenschapsminister  van Volksgezondheid en Leefmilieu,
452,mandaat,,1985,1988,,,,Geens II.2,Geens II,,,,Jean,Pede,PVV,,5,Gemeenschapsminister  van Binnenlandse Aangelegenheden en Ruimtelijke Ordening,
453,mandaat,,1985,1988,,,,Geens II.2,Geens II,,,,Theo,Kelchtermans,CVP,,6,Gemeenschapsminister  van Onderwijs en Opleiding,
454,mandaat,,1985,1988,,,,Geens II.2,Geens II,,,,Paul,Deprez,CVP,,7,Gemeenschapsminister  van Externe Betrekkingen,
455,mandaat,,1985,1988,,,,Geens II.2,Geens II,,,,Patrick,Dewael,PVV,,8,Gemeenschapsminister  van Cultuur,
456,mandaat,,1985,1988,,,,Geens II.2,Geens II,,,,Jos,Dupré,CVP,,9,Gemeenschapsminister  van Huisvesting,
446,periode,12/13/1987,1988,1992,,,,Geens III en IV,Geens III,,,,,,,,,,"Op 3 februari 1988 benoemde de Vlaamse Raad de derde regering van Gaston Geens. Die regering was opnieuw samengesteld uit christen-democraten en liberalen en ze telde opnieuw negen ministers.
Bij de staatshervorming van 1988 werd opnieuw bedongen dat de Vlaamse Regering voor vier jaar proportioneel zou worden samengesteld. De regering-Geens IV telde elf ministers, waarvan vijf van de CVP, drie van de SP, twee van de PVV en één van de VU. De PVV keurde de regeringsverklaring echter niet goed. Daardoor voelden de PVV-ministers er zich ook niet door gebonden. Dat had onder meer tot gevolg dat de PVV-fractie zich als een feitelijke oppositiepartij ging gedragen, terwijl ze toch deel uitmaakte van de regering.
In de regering Geens-IV werd voor de eerste keer een volwaardige ministerportefeuille gereserveerd voor onderwijs, om de overheveling van het volledige onderwijspakket naar de gemeenschappen voor te bereiden."
435,regering,,1988,1992,https://codex.vlaanderen.be/Zoeken/Document.aspx?DID=1004923&param=informatie,BVR 4/2/1988,https://kaleidos.vlaanderen.be/vergadering/589003c4-dec1-11e9-aa72-0242c0a80002/agenda/58900360-dec1-11e9-aa72-0242c0a80002/agendapunten/5890106c-dec1-11e9-aa72-0242c0a80002/beslissingen,Geens III.1,Geens III,"(Vervroegde) verkiezingen Federaal Parlement op 13 december 1987
Proportionele samenstelling",2/3/1988,10/18/1988,,,,,,,
436,mandaat,,1988,1992,,,,Geens III.1,Geens III,,,,Gaston,Geens,CVP,Voorzitter van de Vlaamse Executieve,1,Gemeenschapsminister  van Economie,
437,mandaat,,1988,1992,,,,Geens III.1,Geens III,,,,Louis,Waltniel,PVV,Vice-Voorzitter van de Vlaamse Executieve,2,Gemeenschapsminister  van Financiën en Begroting,
438,mandaat,,1988,1992,,,,Geens III.1,Geens III,,,,Jan,Lenssens,CVP,,3,"Gemeenschapsminister van Welzijn, Gezin en Volksgezondheid",
439,mandaat,,1988,1992,,,,Geens III.1,Geens III,,,,Theo,Kelchtermans,CVP,,4,"Gemeenschapsminister  van Tewerkstelling, Vorming en Openbaar Ambt",
440,mandaat,,1988,1992,,,,Geens III.1,Geens III,,,,Patrick,Dewael,PVV,,5,Gemeenschapsminister  van Cultuur,
441,mandaat,,1988,1992,,,,Geens III.1,Geens III,,,,Rika,Steyaert,CVP,,6,Gemeenschapsminister  van Gezin en Welzijnszorg,
442,mandaat,,1988,1992,,,,Geens III.1,Geens III,,,,Jos,Dupré,CVP,,7,"Gemeenschapsminister van Leefmilieu, Landinrichting en KMO-beleid",
443,mandaat,,1988,1992,,,,Geens III.1,Geens III,,,,Hugo,Weckx,CVP,,8,Gemeenschapsminister  van Onderwijs en Brusselse Aangelegenheden,
444,mandaat,,1988,1992,,,,Geens III.1,Geens III,,,,Edward,Beysen,PVV,,9,Gemeenschapsminister  van Binnenlandse Aangelegenheden en Ruimtelijke Ordening,
445,mandaat,,1988,1992,,,,Geens III.1,Geens III,,,,Paul,Breyne,CVP,,10,Gemeenschapsminister  van Huisvesting,
423,regering,,1988,1992,https://codex.vlaanderen.be/Zoeken/Document.aspx?DID=1004451&param=informatie ,BVR 24/10/1988,https://kaleidos.vlaanderen.be/vergadering/58963492-dec1-11e9-aa72-0242c0a80002/agenda/58963424-dec1-11e9-aa72-0242c0a80002/agendapunten/58963f6e-dec1-11e9-aa72-0242c0a80002/beslissingen,Geens IV.1,Geens IV,Hersamenstelling,10/19/1988,2/21/1989,,,,,,,"Regering gevormd na de staatshervorming van 1988, voor 4 jaar in een proportionele samenstelling. Deze regeerperiode eindigde op 7 januari 1992."
424,mandaat,,1988,1992,,,,Geens IV.1,Geens IV,,,,Gaston,Geens,CVP,Voorzitter van de Vlaamse Executieve,1,Gemeenschapsminister  van Financiën en Begroting,
425,mandaat,,1988,1992,,,,Geens IV.1,Geens IV,,,,Norbert,De,SP,Vice-Voorzitter van de Vlaamse Executieve,2,"Gemeenschapsminister  van Economie, Middenklasse en Energie",
426,mandaat,,1988,1992,,,,Geens IV.1,Geens IV,,,,Louis,Waltniel,PVV,,3,Gemeenschapsminister  van Ruimtelijke Ordening en Huisvesting,
427,mandaat,,1988,1992,,,,Geens IV.1,Geens IV,,,,Jan,Lenssens,CVP,,4,Gemeenschapsminister  van Welzijn en Gezin,
428,mandaat,,1988,1992,,,,Geens IV.1,Geens IV,,,,Roger,De,SP,,5,Gemeenschapsminister  van Tewerkstelling,
429,mandaat,,1988,1992,,,,Geens IV.1,Geens IV,,,,Theo,Kelchtermans,CVP,,6,"Gemeenschapsminister  van Leefmilieu, Natuurbehoud en Landinrichting",
430,mandaat,,1988,1992,,,,Geens IV.1,Geens IV,,,,Patrick,Dewael,PVV,,7,Gemeenschapsminister  van Cultuur,
431,mandaat,,1988,1992,,,,Geens IV.1,Geens IV,,,,Hugo,Weckx,CVP,,8,Gemeenschapsminister  van Volksgezondheid en Brusselse Aangelegenheden,
432,mandaat,,1988,1992,,,,Geens IV.1,Geens IV,,,,Daniël,Coens,CVP,,9,Gemeenschapsminister  van Onderwijs,
433,mandaat,,1988,1992,,,,Geens IV.1,Geens IV,,,,Luc,Van,SP,,10,Gemeenschapsminister  van Binnenlandse Aangelegenheden en Openbaar Ambt,
434,mandaat,,1988,1992,,,,Geens IV.1,Geens IV,,,,Johan,Sauwens,VU,,11,Gemeenschapsminister van Openbare Werken en Verkeer,
411,regering,,1988,1992,https://codex.vlaanderen.be/Zoeken/Document.aspx?DID=1002252&param=informatie ,BVR 22/2/1989,https://kaleidos.vlaanderen.be/vergadering/5899c058-dec1-11e9-aa72-0242c0a80002/agenda/5899bfea-dec1-11e9-aa72-0242c0a80002/agendapunten/5899ca3a-dec1-11e9-aa72-0242c0a80002/beslissingen,Geens IV.2,Geens IV,Technische wijziging,2/22/1989,1/7/1992,,,,,,,
412,mandaat,,1988,1992,,,,Geens IV.2,Geens IV,,,,Gaston,Geens,CVP,Voorzitter van de Vlaamse Executieve,1,Gemeenschapsminister  van Financiën en Begroting,
413,mandaat,,1988,1992,,,,Geens IV.2,Geens IV,,,,Norbert,De,SP,Vice-Voorzitter van de Vlaamse Executieve,2,"Gemeenschapsminister  van Economie, Middenklasse en Energie",
414,mandaat,,1988,1992,,,,Geens IV.2,Geens IV,,,,Louis,Waltniel,PVV,,3,Gemeenschapsminister  van Ruimtelijke Ordening en Huisvesting,
415,mandaat,,1988,1992,,,,Geens IV.2,Geens IV,,,,Jan,Lenssens,CVP,,4,Gemeenschapsminister  van Welzijn en Gezin,
416,mandaat,,1988,1992,,,,Geens IV.2,Geens IV,,,,Roger,De,SP,,5,Gemeenschapsminister  van Tewerkstelling,
417,mandaat,,1988,1992,,,,Geens IV.2,Geens IV,,,,Theo,Kelchtermans,CVP,,6,"Gemeenschapsminister  van Leefmilieu, Natuurbehoud en Landinrichting",
418,mandaat,,1988,1992,,,,Geens IV.2,Geens IV,,,,Patrick,Dewael,PVV,,7,Gemeenschapsminister  van Cultuur,
419,mandaat,,1988,1992,,,,Geens IV.2,Geens IV,,,,Hugo,Weckx,CVP,,8,Gemeenschapsminister  van Volksgezondheid en Brusselse Aangelegenheden,
420,mandaat,,1988,1992,,,,Geens IV.2,Geens IV,,,,Daniël,Coens,CVP,,9,Gemeenschapsminister  van Onderwijs,
421,mandaat,,1988,1992,,,,Geens IV.2,Geens IV,,,,Luc,Van,SP,,10,Gemeenschapsminister  van Binnenlandse Aangelegenheden en Openbaar Ambt,
422,mandaat,,1988,1992,,,,Geens IV.2,Geens IV,,,,Johan,Sauwens,VU,,11,Gemeenschapsminister van Openbare Werken en Verkeer,
410,periode,11/24/1991,1992,1995,,,,Geens IV,Geens IV,,,,,,,,,,"Na de parlementsverkiezingen eind 1991 bood de regering Geens IV op 7 januari 1992 haar ontslag aan. De eerste regering onder leiding van de christen-democraat Luc Van den Brande legde op 21 januari 1992 de eed af. Ook die regering moest volgens de wet proportioneel worden samengesteld, maar aanvankelijk bestond de regering alleen uit CVP- en SP-ministers.
De PVV, het Vlaams Blok en aanvankelijk ook de VU weigerden in de regering te stappen. Na enkele weken nam de VU toch een ministerportefeuille aan (in de persoon van Johan Sauwens). Op 5 februari 1992 kreeg die verruimde regering het vertrouwen en werd zo de regering Van den Brande II.
Op 20 oktober 1992 diende Luc Van den Brande het ontslag van zijn regering in, omdat de termijn van de proportioneel samengestelde regeringen afliep. Nog diezelfde dag werden de ministers echter herbenoemd, op basis van het meerderheidsstelsel. Daardoor ging de regering Van den Brande II over in de regering Van den Brande III.
Op 1 januari 1995 werd Leona Detiège burgemeester van Antwerpen. Zij werd op 12 januari 1995 als minister vervangen door Leo Peeters, die haar bevoegdheden overnam."
399,regering,,1992,1995,https://codex.vlaanderen.be/Zoeken/Document.aspx?DID=1002288&param=informatie,BVR 7/1/1992,https://kaleidos.vlaanderen.be/vergadering/58bd67ba-dec1-11e9-aa72-0242c0a80002/agenda/58bd6756-dec1-11e9-aa72-0242c0a80002/agendapunten/58bd7192-dec1-11e9-aa72-0242c0a80002/beslissingen,Geens IV.3,Geens IV,Louis Waltniel ontslagnemend vanaf 08.01.1992,1/8/1992,1/21/1992,,,,,,,
400,mandaat,,1992,1995,,,,Geens IV.3,Geens IV,,,,Gaston,Geens,CVP,Voorzitter van de Vlaamse Executieve,1,Gemeenschapsminister  van Financiën en Begroting,
401,mandaat,,1992,1995,,,,Geens IV.3,Geens IV,,,,Norbert,De Batselier,SP,Vice-Voorzitter van de Vlaamse Executieve,2,"Gemeenschapsminister  van Economie, Middenklasse en Energie",
402,mandaat,,1992,1995,,,,Geens IV.3,Geens IV,,,,Jan,Lenssens,CVP,,3,Gemeenschapsminister  van Welzijn en Gezin,
403,mandaat,,1992,1995,,,,Geens IV.3,Geens IV,,,,Roger,De Wulf,SP,,4,Gemeenschapsminister  van Tewerkstelling,
404,mandaat,,1992,1995,,,,Geens IV.3,Geens IV,,,,Theo,Kelchtermans,CVP,,5,"Gemeenschapsminister  van Leefmilieu, Natuurbehoud en Plattelandsvernieuwing",
405,mandaat,,1992,1995,,,,Geens IV.3,Geens IV,,,,Patrick,Dewael,PVV,,6,Gemeenschapsminister  van Cultuur,
406,mandaat,,1992,1995,,,,Geens IV.3,Geens IV,,,,Hugo,Weckx,CVP,,7,Gemeenschapsminister  van Volksgezondheid en Brusselse Aangelegenheden,
407,mandaat,,1992,1995,,,,Geens IV.3,Geens IV,,,,Daniël,Coens,CVP,,8,Gemeenschapsminister  van Onderwijs,
408,mandaat,,1992,1995,,,,Geens IV.3,Geens IV,,,,Luc,Van den Bossche,SP,,9,Gemeenschapsminister  van Binnenlandse Aangelegenheden en Openbaar Ambt,
409,mandaat,,1992,1995,,,,Geens IV.3,Geens IV,,,,Johan,Sauwens,VU,,10,Gemeenschapsminister  van Minister van Openbare Werken en Communicatie,
391,regering,,1992,1995,https://codex.vlaanderen.be/Zoeken/Document.aspx?DID=1002244&param=informatie , BVR 22/1/1992,https://kaleidos.vlaanderen.be/vergadering/58bdb288-dec1-11e9-aa72-0242c0a80002/agenda/58bdb21a-dec1-11e9-aa72-0242c0a80002/agendapunten/58bdc2e6-dec1-11e9-aa72-0242c0a80002/beslissingen,Van den Brande I.1,Van den Brande I,"Verkiezingen Federaal Parlement op 24 november 1991
Proportionele samenstelling tot 20 oktober 1992 – meerderheidsregering vanaf 20 oktober 1992",1/22/1992,1/29/1992,,,,,,,"
"
392,mandaat,,1992,1995,,,,Van den Brande I.1,Van den Brande I,,,,Luc,Van den Brande,CVP,Voorzitter van de Vlaamse Executieve,1,"Gemeenschapsminister van Economie, KMO-beleid en Energie",
393,mandaat,,1992,1995,,,,Van den Brande I.1,Van den Brande I,,,,Norbert,De Batselier,SP,Vice-Voorzitter van de Vlaamse Executieve,2,"Gemeenschapsminister van Leefmilieu, Huisvesting en Wetenschapsbeleid",
394,mandaat,,1992,1995,,,,Van den Brande I.1,Van den Brande I,,,,Theo,Kelchtermans,CVP,,3,"Gemeenschapsminister van Openbare Werken, Vervoer en Ruimtelijke Ordening",
395,mandaat,,1992,1995,,,,Van den Brande I.1,Van den Brande I,,,,Hugo,Weckx,CVP,,4,Gemeenschapsminister van Cultuur en Brusselse Aangelegenheden,
396,mandaat,,1992,1995,,,,Van den Brande I.1,Van den Brande I,,,,Luc,Van den Bossche,SP,,5,Gemeenschapsminister van Onderwijs en Ambtenarenzaken,
397,mandaat,,1992,1995,,,,Van den Brande I.1,Van den Brande I,,,,Leona,Detiège,SP,,6,Gemeenschapsminister van Tewerkstelling en Volksgezondheid,
398,mandaat,,1992,1995,,,,Van den Brande I.1,Van den Brande I,,,,Wivina,Demeester-De Meyer,CVP,,7,"Gemeenschapsminister van Financiën en Begroting, Binnenlandse Aangelegenheden, Welzijn en Gezin",
382,regering,,1992,1995,https://codex.vlaanderen.be/Zoeken/Document.aspx?DID=1001730&param=informatie,BVR 30/1/1992 ,https://kaleidos.vlaanderen.be/vergadering/58bdc8c2-dec1-11e9-aa72-0242c0a80002/agenda/58bdc854-dec1-11e9-aa72-0242c0a80002/agendapunten/58bdd826-dec1-11e9-aa72-0242c0a80002/beslissingen,Van den Brande I.2,Van den Brande I,Eedaflegging Johan Sauwens,1/30/1992,10/19/1992,,,,,,,
383,mandaat,,1992,1995,,,,Van den Brande I.2,Van den Brande I,,,,Luc,Van den Brande,CVP,Voorzitter van de Vlaamse Executieve,1,"Gemeenschapsminister van Economie, KMO, Wetenschapsbeleid, Energie en Externe Betrekkingen",
384,mandaat,,1992,1995,,,,Van den Brande I.2,Van den Brande I,,,,Norbert,De Batselier,SP,Vice-Voorzitter van de Vlaamse Executieve,2,Gemeenschapsminister van Leefmilieu en Huisvesting,
385,mandaat,,1992,1995,,,,Van den Brande I.2,Van den Brande I,,,,Theo,Kelchtermans,CVP,,3,"Gemeenschapsminister van Openbare Werken, Ruimtelijke Ordening en Binnenlandse Aangelegenheden",
386,mandaat,,1992,1995,,,,Van den Brande I.2,Van den Brande I,,,,Hugo,Weckx,CVP,,4,Gemeenschapsminister van Cultuur en Brusselse Aangelegenheden,
387,mandaat,,1992,1995,,,,Van den Brande I.2,Van den Brande I,,,,Luc,Van den Bossche,SP,,5,Gemeenschapsminister van Onderwijs en Ambtenarenzaken,
388,mandaat,,1992,1995,,,,Van den Brande I.2,Van den Brande I,,,,Johan,Sauwens,VU,,6,"Gemeenschapsminister van Verkeer, Buitenlandse Handel en Staatshervorming",
389,mandaat,,1992,1995,,,,Van den Brande I.2,Van den Brande I,,,,Leona,Detiège,SP,,7,Gemeenschapsminister van Sociale Zaken,
390,mandaat,,1992,1995,,,,Van den Brande I.2,Van den Brande I,,,,Wivina,Demeester-De Meyer,CVP,,8,"Gemeenschapsminister van Financiën en Begroting, Gezondheidsinstellingen, Welzijn en Gezin",
373,regering,,1992,1995,https://codex.vlaanderen.be/Zoeken/Document.aspx?DID=1000171&param=informatie,BVR 20/10/1992,https://kaleidos.vlaanderen.be/vergadering/58c4d7a2-dec1-11e9-aa72-0242c0a80002/agenda/58c4d70c-dec1-11e9-aa72-0242c0a80002/agendapunten/58c4e45e-dec1-11e9-aa72-0242c0a80002/beslissingen,Van den Brande I.2.b,Van den Brande I,bevoegdheidsherverdeling,10/20/1992,12/31/1994,,,,,,,
374,mandaat,,1992,1995,,,,Van den Brande I.2.b,Van den Brande I,,,,Luc,Van den Brande,CVP,Minister-president van de Vlaamse regering,1,"Vlaams minister van Economie, KMO, Wetenschapsbeleid, Energie en Externe Betrekkingen",
375,mandaat,,1992,1995,,,,Van den Brande I.2.b,Van den Brande I,,,,Norbert,De Batselier,SP,Minister vice-president van de Vlaamse regering,2,Vlaams minister van Leefmilieu en Huisvesting,
376,mandaat,,1992,1995,,,,Van den Brande I.2.b,Van den Brande I,,,,Theo,Kelchtermans,CVP,,3,"Vlaams minister van Openbare Werken, Ruimtelijke Ordening en Binnenlandse Aangelegenheden",
377,mandaat,,1992,1995,,,,Van den Brande I.2.b,Van den Brande I,,,,Hugo,Weckx,CVP,,4,Vlaams minister van Cultuur en Brusselse Aangelegenheden,
378,mandaat,,1992,1995,,,,Van den Brande I.2.b,Van den Brande I,,,,Luc,Van den Bossche,SP,,5,Vlaams minister van Onderwijs en Ambtenarenzaken,
379,mandaat,,1992,1995,,,,Van den Brande I.2.b,Van den Brande I,,,,Johan,Sauwens,VU,,6,"Vlaams minister van Verkeer, Buitenlandse Handel en Staatshervorming",
380,mandaat,,1992,1995,,,,Van den Brande I.2.b,Van den Brande I,,,,Leona,Detiège,SP,,7,Vlaams minister van  Tewerkstelling en Sociale Aangelegendheden,
381,mandaat,,1992,1995,,,,Van den Brande I.2.b,Van den Brande I,,,,Wivina,Demeester-De Meyer,CVP,,8,"Vlaams minister van Financiën en Begroting, Gezondheidsinstellingen, Welzijn en Gezin",
365,regering,,1992,1995,https://codex.vlaanderen.be/Zoeken/Document.aspx?DID=1001921&param=informatie ,BVR 11/1/1995,https://kaleidos.vlaanderen.be/vergadering/58e289dc-dec1-11e9-aa72-0242c0a80002/agenda/58e28978-dec1-11e9-aa72-0242c0a80002/agendapunten/58e2c1b8-dec1-11e9-aa72-0242c0a80002/beslissingen,Van den Brande I.3,Van den Brande I,Leona Detiège ontslagnemend met ingang van 01.01.1995 ,1/1/1995,1/11/1995,,,,,,,
366,mandaat,,1992,1995,,,,Van den Brande I.3,Van den Brande I,,,,Luc,Van den Brande,CVP,Minister-president van de Vlaamse regering,1,"Vlaams minister van Economie, KMO, Wetenschapsbeleid, Energie en Externe Betrekkingen",
367,mandaat,,1992,1995,,,,Van den Brande I.3,Van den Brande I,,,,Norbert,De Batselier,SP,Minister vice-president van de Vlaamse regering,2,Vlaams minister van Leefmilieu en Huisvesting,
368,mandaat,,1992,1995,,,,Van den Brande I.3,Van den Brande I,,,,Theo,Kelchtermans,CVP,,3,"Vlaams minister van Openbare Werken, Ruimtelijke Ordening en Binnenlandse Aangelegenheden",
369,mandaat,,1992,1995,,,,Van den Brande I.3,Van den Brande I,,,,Hugo,Weckx,CVP,,4,Vlaams minister van Cultuur en Brusselse Aangelegenheden,
370,mandaat,,1992,1995,,,,Van den Brande I.3,Van den Brande I,,,,Luc,Van den Bossche,SP,,5,Vlaams minister van Onderwijs en Ambtenarenzaken,
371,mandaat,,1992,1995,,,,Van den Brande I.3,Van den Brande I,,,,Johan,Sauwens,VU,,6,"Vlaams minister van Verkeer, Buitenlandse Handel en Staatshervorming",
372,mandaat,,1992,1995,,,,Van den Brande I.3,Van den Brande I,,,,Wivina,Demeester-De Meyer,CVP,,7,"Vlaams minister van Financiën en Begroting, Gezondheidsinstellingen, Welzijn en Gezin",
356,regering,,1992,1995,https://codex.vlaanderen.be/Zoeken/Document.aspx?DID=1001695&param=informatie ,bij BVR 12/1/1995,https://kaleidos.vlaanderen.be/vergadering/58e2c4e2-dec1-11e9-aa72-0242c0a80002/agenda/58e2c47e-dec1-11e9-aa72-0242c0a80002/agendapunten/58e2cdc0-dec1-11e9-aa72-0242c0a80002/beslissingen,Van den Brande I.4,Van den Brande I,Eedaflegging Leo Peeters op 12.01.1995 - ,1/12/1995,6/12/1995,,,,,,,
357,mandaat,,1992,1995,,,,Van den Brande I.4,Van den Brande I,,,,Luc,Van den Brande,CVP,Minister-president van de Vlaamse regering,1,"Vlaams minister van Economie, KMO, Wetenschapsbeleid, Energie en Externe Betrekkingen",
358,mandaat,,1992,1995,,,,Van den Brande I.4,Van den Brande I,,,,Norbert,De Batselier,SP,Minister vice-president van de Vlaamse regering,2,Vlaams minister van Leefmilieu en Huisvesting,
359,mandaat,,1992,1995,,,,Van den Brande I.4,Van den Brande I,,,,Theo,Kelchtermans,CVP,,3,"Vlaams minister van Openbare Werken, Ruimtelijke Ordening en Binnenlandse Aangelegenheden",
360,mandaat,,1992,1995,,,,Van den Brande I.4,Van den Brande I,,,,Hugo,Weckx,CVP,,4,Vlaams minister van Cultuur en Brusselse Aangelegenheden,
361,mandaat,,1992,1995,,,,Van den Brande I.4,Van den Brande I,,,,Luc,Van den Bossche,SP,,5,Vlaams minister van Onderwijs en Ambtenarenzaken,
362,mandaat,,1992,1995,,,,Van den Brande I.4,Van den Brande I,,,,Johan,Sauwens,VU,,6,"Vlaams minister van Verkeer, Buitenlandse Handel en Staatshervorming",
363,mandaat,,1992,1995,,,,Van den Brande I.4,Van den Brande I,,,,Wivina,Demeester-De Meyer,CVP,,7,"Vlaams minister van Financiën en Begroting, Gezondheidsinstellingen, Welzijn en Gezin",
364,mandaat,,1992,1995,,,,Van den Brande I.4,Van den Brande I,,,,Leo,Peeters,SP,,8,Vlaams minister van  Tewerkstelling en Sociale Aangelegendheden,
348,regering,,1992,1995,https://codex.vlaanderen.be/Zoeken/Document.aspx?DID=1002850&param=informatie ,BVR 13/6/1995,https://kaleidos.vlaanderen.be/vergadering/58ea6e7c-dec1-11e9-aa72-0242c0a80002/agenda/58ea6e18-dec1-11e9-aa72-0242c0a80002/agendapunten/58ea7818-dec1-11e9-aa72-0242c0a80002/beslissingen,Van den Brande I.5,Van den Brande I,Nortbert De Batselier ontslagnemend; benoemd tot voorzitter van de Vlaamse Raad met ingang van 13.06.1995,6/13/1995,6/19/1995,,,,,,,
349,mandaat,,1992,1995,,,,Van den Brande I.5,Van den Brande I,,,,Luc,Van den Brande,CVP,minister-president van de Vlaamse Regering,1,"Vlaams minister van Economie, KMO, Wetenschapsbeleid, Energie en Externe Betrekkingen",
350,mandaat,,1992,1995,,,,Van den Brande I.5,Van den Brande I,,,,Theo,Kelchtermans,CVP,,2,"Vlaams minister van Openbare Werken, Ruimtelijke Ordening en Binnenlandse Aangelegenheden",
351,mandaat,,1992,1995,,,,Van den Brande I.5,Van den Brande I,,,,Hugo,Weckx,CVP,,3,Vlaams minister van Cultuur en Brusselse Aangelegenheden,
352,mandaat,,1992,1995,,,,Van den Brande I.5,Van den Brande I,,,,Luc,Van den Bossche,SP,,4,Vlaams minister van Onderwijs en Ambtenarenzaken,
353,mandaat,,1992,1995,,,,Van den Brande I.5,Van den Brande I,,,,Johan,Sauwens,VU,,5,"Vlaams minister van Vervoer, Buitenlandse Handel en Staatshervorming",
354,mandaat,,1992,1995,,,,Van den Brande I.5,Van den Brande I,,,,Wivina,Demeester-De Meyer,CVP,,6,"Vlaams minister van Financiën en Begroting, Gezondheidsinstellingen, Welzijn en Gezin",
355,mandaat,,1992,1995,,,,Van den Brande I.5,Van den Brande I,,,,Leo,Peeters,SP,,7,"Vlaamse minister van Tewerkstelling, Sociale Aangelegenheden, Leefmilieu en Huisvesting",
347,periode,5/21/1995,1995,1999,http://www.ibzdgip.fgov.be/result/nl/result_ko.php?date=1995-05-21&vt=VL&ko_type=KO_RG&ko=304,,,Van den Brande II,Van den Brande II,,,,,,,,,,"Na de eerste rechtstreekse verkiezing van het Vlaams Parlement legde de regering Van den Brande IV de eed af in het Vlaams Parlement op 20 juni 1995. Die Vlaamse Regering telde negen ministers. Zoals bepaald was in het regeerakkoord, werd van start gegaan met vijf CVP- en vier SP-ministers, en werd halverwege de termijn (op 22 september 1997) de SP-minister Anne Van Asbroeck vervangen door Brigitte Grouwels (CVP), die haar bevoegdheden overnam.
Op 28 september 1998 werd Luc Van den Bossche (SP) als minister-vice-president vervangen door Steve Stevaert, die bevoegd werd voor Openbare Werken, Vervoer en Ruimtelijke Ordening.
Daardoor werd Eddy Baldewijns bevoegd voor Onderwijs en Ambtenarenzaken."
337,regering,,1995,1999,https://codex.vlaanderen.be/Zoeken/Document.aspx?DID=1020382&param=informatie,BVR 20/6/1995 ,https://kaleidos.vlaanderen.be/vergadering/58ea8a1a-dec1-11e9-aa72-0242c0a80002/agenda/58ea89b6-dec1-11e9-aa72-0242c0a80002/agendapunten/58ea93f2-dec1-11e9-aa72-0242c0a80002/beslissingen,Van den Brande II.1,Van den Brande II,"Eerste rechtstreekse verkiezing Vlaams Parlement op 21 mei 1995
Verkiezingen Federaal Parlement gelijktijdig op 21 mei 1995",6/20/1995,9/21/1997,,,,,,,
338,mandaat,,1995,1999,,,,Van den Brande II.1,Van den Brande II,,,,Luc,Van den Brande,CVP,minister-president van de Vlaamse Regering,1,"Vlaams minister van Buitenlands Beleid, Europese Aangelegenheden, Wetenschap en technologie",
339,mandaat,,1995,1999,,,,Van den Brande II.1,Van den Brande II,,,,Luc,Van den Bossche,SP,minister vice-president van de Vlaamse Regering,2,Vlaams minister van Onderwijs en Ambtenarenzaken,
340,mandaat,,1995,1999,,,,Van den Brande II.1,Van den Brande II,,,,Theo,Kelchtermans,CVP,,3,Vlaams minister van Leefmilieu en Tewerkstelling,
341,mandaat,,1995,1999,,,,Van den Brande II.1,Van den Brande II,,,,Wivina,Demeester-De Meyer,CVP,,4,"Vlaams minister van Financiën, Begroting en Gezondheidsbeleid",
342,mandaat,,1995,1999,,,,Van den Brande II.1,Van den Brande II,,,,Leo,Peeters,SP,,5,"Vlaams minister van Binnenlandse Aangelegenheden, Stedelijk Beleid en Huisvesting",
343,mandaat,,1995,1999,,,,Van den Brande II.1,Van den Brande II,,,,Eddy,Baldewijns,SP,,6,"Vlaams minister van Openbare Werken, Vervoer en Ruimtelijke Ordening",
344,mandaat,,1995,1999,,,,Van den Brande II.1,Van den Brande II,,,,Luc,Martens,CVP,,7,"Vlaams minister van Cultuur, Gezin en Welzijn",
345,mandaat,,1995,1999,,,,Van den Brande II.1,Van den Brande II,,,,Eric,Van Rompuy,CVP,,8,"Vlaams minister van Economie, KMO, Landbouw en Media",
346,mandaat,,1995,1999,,,,Van den Brande II.1,Van den Brande II,,,,Anne,Van Asbroeck,SP,,9,Vlaams minister van Brusselse Aangelegenheden en Gelijke-Kansenbeleid,
327,regering,,1995,1999,https://codex.vlaanderen.be/Zoeken/Document.aspx?DID=1005599&param=informatie,BVR 22/9/1997 ,https://kaleidos.vlaanderen.be/vergadering/59134194-dec1-11e9-aa72-0242c0a80002/agenda/59134126-dec1-11e9-aa72-0242c0a80002/agendapunten/59134de2-dec1-11e9-aa72-0242c0a80002/beslissingen,Van den Brande II.2,Van den Brande II,Anne Van Asbroeck ontslagnemend en eedaflegging Brigitte Grouwels,9/22/1997,12/31/1997,,,,,,,
328,mandaat,,1995,1999,,,,Van den Brande II.2,Van den Brande II,,,,Luc,Van den Brande,CVP,minister-president van de Vlaamse Regering,1,"Vlaams minister van Buitenlands Beleid, Europese Aangelegenheden, Wetenschap en technologie",
329,mandaat,,1995,1999,,,,Van den Brande II.2,Van den Brande II,,,,Luc,Van den Bossche,SP,minister vice-president van de Vlaamse Regering,2,Vlaams minister van Onderwijs en Ambtenarenzaken,
330,mandaat,,1995,1999,,,,Van den Brande II.2,Van den Brande II,,,,Theo,Kelchtermans,CVP,,3,Vlaams minister van Leefmilieu en Tewerkstelling,
331,mandaat,,1995,1999,,,,Van den Brande II.2,Van den Brande II,,,,Wivina,Demeester-De Meyer,CVP,,4,"Vlaams minister van Financiën, Begroting en Gezondheidsbeleid",
332,mandaat,,1995,1999,,,,Van den Brande II.2,Van den Brande II,,,,Leo,Peeters,SP,,5,"Vlaams minister van Binnenlandse Aangelegenheden, Stedelijk Beleid en Huisvesting",
333,mandaat,,1995,1999,,,,Van den Brande II.2,Van den Brande II,,,,Eddy,Baldewijns,SP,,6,"Vlaams minister van Openbare Werken, Vervoer en Ruimtelijke Ordening",
334,mandaat,,1995,1999,,,,Van den Brande II.2,Van den Brande II,,,,Luc,Martens,CVP,,7,"Vlaams minister van Cultuur, Gezin en Welzijn",
335,mandaat,,1995,1999,,,,Van den Brande II.2,Van den Brande II,,,,Eric,Van Rompuy,CVP,,8,"Vlaams minister van Economie, KMO, Landbouw en Media",
336,mandaat,,1995,1999,,,,Van den Brande II.2,Van den Brande II,,,,Brigitte,Grouwels,CVP,,9,Vlaams minister van Brusselse Aangelegenheden en Gelijke-Kansenbeleid,
317,regering,,1995,1999,https://codex.vlaanderen.be/Zoeken/Document.aspx?DID=1005901&param=informatie ,BVR  19/12/1997,https://kaleidos.vlaanderen.be/vergadering/591a8ae4-dec1-11e9-aa72-0242c0a80002/agenda/591a8a80-dec1-11e9-aa72-0242c0a80002/agendapunten/591adf6c-dec1-11e9-aa72-0242c0a80002/beslissingen,Van den Brande II.2.b,Van den Brande II,Technische wijziging; ook technisch gewijzigd op 01/11/1998,1/1/1998,9/27/1998,,,,,,,
318,mandaat,,1995,1999,,,,Van den Brande II.2.b,Van den Brande II,,,,Luc,Van den Brande,CVP,minister-president van de Vlaamse Regering,1,"Vlaams minister van Buitenlands Beleid, Europese Aangelegenheden, Wetenschap en technologie",
319,mandaat,,1995,1999,,,,Van den Brande II.2.b,Van den Brande II,,,,Luc,Van den Bossche,SP,minister vice-president van de Vlaamse Regering,2,Vlaams minister van Onderwijs en Ambtenarenzaken,
320,mandaat,,1995,1999,,,,Van den Brande II.2.b,Van den Brande II,,,,Theo,Kelchtermans,CVP,,3,Vlaams minister van Leefmilieu en Tewerkstelling,
321,mandaat,,1995,1999,,,,Van den Brande II.2.b,Van den Brande II,,,,Wivina,Demeester-De Meyer,CVP,,4,"Vlaams minister van Financiën, Begroting en Gezondheidsbeleid",
322,mandaat,,1995,1999,,,,Van den Brande II.2.b,Van den Brande II,,,,Leo,Peeters,SP,,5,"Vlaams minister van Binnenlandse Aangelegenheden, Stedelijk Beleid en Huisvesting",
323,mandaat,,1995,1999,,,,Van den Brande II.2.b,Van den Brande II,,,,Eddy,Baldewijns,SP,,6,"Vlaams minister van Openbare Werken, Vervoer en Ruimtelijke Ordening",
324,mandaat,,1995,1999,,,,Van den Brande II.2.b,Van den Brande II,,,,Luc,Martens,CVP,,7,"Vlaams minister van Cultuur, Gezin en Welzijn",
325,mandaat,,1995,1999,,,,Van den Brande II.2.b,Van den Brande II,,,,Eric,Van Rompuy,CVP,,8,"Vlaams minister van Economie, KMO, Landbouw en Media",
326,mandaat,,1995,1999,,,,Van den Brande II.2.b,Van den Brande II,,,,Brigitte,Grouwels,CVP,,9,Vlaams minister van Brusselse Aangelegenheden en Gelijke-Kansenbeleid,
307,regering,,1995,1999,https://codex.vlaanderen.be/Zoeken/Document.aspx?DID=1006341&param=informatie,BVR 28/09/1998,https://kaleidos.vlaanderen.be/vergadering/5929f6a0-dec1-11e9-aa72-0242c0a80002/agenda/5929f632-dec1-11e9-aa72-0242c0a80002/agendapunten/5929fcf4-dec1-11e9-aa72-0242c0a80002/beslissingen,Van den Brande II.3,Van den Brande II,Luc Van den Bossche ontslagnemmend en eedaflegging Steve Stevaert,9/28/1998,7/12/1999,,,,,,,
308,mandaat,,1995,1999,,,,Van den Brande II.3,Van den Brande II,,,,Luc,Van den Brande,CVP,minister-president van de Vlaamse Regering,1,"Vlaams minister van Buitenlands Beleid, Europese Aangelegenheden, Wetenschap en technologie",
309,mandaat,,1995,1999,,,,Van den Brande II.3,Van den Brande II,,,,Steve,Stevaert,SP,minister vice-president van de Vlaamse Regering,2,"Vlaams minister van Openbare Werken, Vervoer en Ruimtelijke Ordening",
310,mandaat,,1995,1999,,,,Van den Brande II.3,Van den Brande II,,,,Theo,Kelchtermans,CVP,,3,Vlaams minister van Leefmilieu en Tewerkstelling,
311,mandaat,,1995,1999,,,,Van den Brande II.3,Van den Brande II,,,,Wivina,Demeester-De Meyer,CVP,,4,"Vlaams minister van Financiën, Begroting en Gezondheidsbeleid",
312,mandaat,,1995,1999,,,,Van den Brande II.3,Van den Brande II,,,,Leo,Peeters,SP,,5,"Vlaams minister van Binnenlandse Aangelegenheden, Stedelijk Beleid en Huisvesting",
313,mandaat,,1995,1999,,,,Van den Brande II.3,Van den Brande II,,,,Eddy,Baldewijns,SP,,6,Vlaams minister van Onderwijs en Ambtenarenzaken,
314,mandaat,,1995,1999,,,,Van den Brande II.3,Van den Brande II,,,,Luc,Martens,CVP,,7,"Vlaams minister van Cultuur, Gezin en Welzijn",
315,mandaat,,1995,1999,,,,Van den Brande II.3,Van den Brande II,,,,Eric,Van Rompuy,CVP,,8,"Vlaams minister van Economie, KMO, Landbouw en Media",
316,mandaat,,1995,1999,,,,Van den Brande II.3,Van den Brande II,,,,Brigitte,Grouwels,CVP,,9,Vlaams minister van Brusselse Aangelegenheden en Gelijke-Kansenbeleid,
306,periode,6/13/1999,1999,2004,http://www.ibzdgip.fgov.be/result/nl/result_ko.php?date=1999-06-13&vt=VL&ko_type=KO_RG&ko=304,,,Dewael - Somers,Dewael I,,,,,,,,,,"Na de verkiezingen van 13 juni 1999 waren in Vlaanderen voor het eerst minstens drie partijen nodig om een coalitie te vormen. Het werden er uiteindelijk vier: VLD, SP, Agalev en VU-ID. Net zoals de vorige Vlaamse Regering ging deze regering van start met negen ministers: de SP, Agalev en VU-ID leverden elk twee ministers; de VLD drie, onder wie Patrick Dewael, de nieuwe minister-president.
De zogenaamde paars-groen-gele coalitie onderging in de vijf jaar van haar regeerperiode heel wat personeelswissels. Van de oorspronkelijke negen Vlaamse ministers uit 1999 waren er in 2004 nog maar drie in functie.
In mei 2001 moest Johan Sauwens ontslag nemen als minister na onduidelijkheden over zijn aanwezigheid op een feest van gewezen Oostfrontstrijders. Hij werd vervangen door Paul Van Grembergen.
Naast de personeelsbezetting veranderden ook de politieke verhoudingen binnen de regering. Om de door de Lambermont-akkoorden verworven bevoegdheidsverdeling op te vangen, werd in 2001 een tiende lid aan de Vlaamse Regering toegevoegd. Die ministerpost viel de VLD te beurt. In 2002 verwierf de VLD zelfs een vijfde ministerpost. Omdat na de splitsing van VU-ID in Spirit en N-VA alleen Spirit de Vlaamse Regering steunde, verloor die partij één van haar twee ministers aan de VLD. De regering was daarna samengesteld uit vijf ministers van de VLD, twee van de sp.a (de voormalige SP), twee van Agalev en één van Spirit. Bert Anciaux nam ontslag en hij werd als Brussels minister opgevolgd door Guy Vanhengel.
Op 19 maart 2003 werd Steve Stevaert vervangen door Gilbert Bossuyt.
Op 10 juni 2003 werd Guy Vanhengel vervangen door Marino Keulen en werd Patricia Ceysens minister in opvolging van Jaak Gabriels.
Na de federale verkiezingen van 2003 werd de regering opnieuw aangepast.
Mieke Vogels werd vervangen door Adelheid Byttebier.
Vera Dua werd vervangen door Ludo Sannen.
Uiteindelijk deed minister-president Dewael de volledige termijn niet uit. Hij stapte in juni 2003 over naar de federale regering om er vicepremier en minister van Binnenlandse Zaken te worden. Bart Somers volgde hem op als Vlaams minister-president en leidde de Vlaamse Regering tot de verkiezingen van 2004.
Op 10 juni 2003 legde Bart Somers de eed af als vierde minister-president van de Vlaamse Regering. De regering-Somers I was geen splinternieuwe bewindsploeg, maar een voortzetting van de regering van Patrick Dewael, die ontslag had genomen als minister-president om te kunnen toetreden tot de federale regering.
De regering bestond uit 10 ministers van 4 verschillende partijen: VLD (5), sp.a (2), Groen! (2) en Spirit (1).
Op 18 februari 2004 werd Ludo Sannen vervangen door Jef Tavernier."
296,regering,,1999,2004,https://codex.vlaanderen.be/Zoeken/Document.aspx?DID=1006754&param=informatie,BVR 13/7/1999,https://kaleidos.vlaanderen.be/vergadering/5941820c-dec1-11e9-aa72-0242c0a80002/agenda/5941819e-dec1-11e9-aa72-0242c0a80002/agendapunten/59419a62-dec1-11e9-aa72-0242c0a80002/beslissingen,Dewael I.1,Dewael I,"Verkiezing Vlaams Parlement op 13 juni 1999
Verkiezing Federaal Parlement op 13 juni 1999 en op 18 mei 2003 ",7/13/1999,4/13/2000,,,,,,,
297,mandaat,,1999,2004,,,,Dewael I.1,Dewael I,,,,Patrick,Dewael,VLD,minister-president van de Vlaamse Regering,1,"Vlaams minister van Financiën, Begroting, Buitenlands Beleid en Europese Aangelegenheden",
298,mandaat,,1999,2004,,,,Dewael I.1,Dewael I,,,,Steve,Stevaert,SP,minister vice-president van de Vlaamse Regering,2,"Vlaams minister van Mobiliteit, Openbare Werken en Energie",
299,mandaat,,1999,2004,,,,Dewael I.1,Dewael I,,,,Mieke,Vogels,Agalev,,3,"Vlaams minister van Welzijn, Gezondheid en Gelijke Kansen",
300,mandaat,,1999,2004,,,,Dewael I.1,Dewael I,,,,Bert,Anciaux,VU-ID,,4,"Vlaams minister van Cultuur, Jeugd, Stedelijk Beleid, Huisvesting en Brusselse Aangelegenheden",
301,mandaat,,1999,2004,,,,Dewael I.1,Dewael I,,,,Marleen,Vanderpoorten,VLD,,5,Vlaams minister van Onderwijs en Vorming,
302,mandaat,,1999,2004,,,,Dewael I.1,Dewael I,,,,Renaat,Landuyt,SP,,6,Vlaams minister van Werkgelegenheid en Toerisme,
303,mandaat,,1999,2004,,,,Dewael I.1,Dewael I,,,,Vera,Dua,Agalev,,7,Vlaams minister van Leefmilieu en Landbouw,
304,mandaat,,1999,2004,,,,Dewael I.1,Dewael I,,,,Johan,Sauwens,VU-ID,,8,"Vlaams minister van Binnenlandse Aangelegenheden, Ambtenarenzaken en Sport",
305,mandaat,,1999,2004,,,,Dewael I.1,Dewael I,,,,Dirk,Van Mechelen,VLD,,9,"Vlaams minister van Economie, Ruimtelijke Ordening en Media",
286,regering,,1999,2004,https://codex.vlaanderen.be/Zoeken/Document.aspx?DID=1007242&param=informatie,BVR 14/04/2000,https://kaleidos.vlaanderen.be/vergadering/594ec3ea-dec1-11e9-aa72-0242c0a80002/agenda/594ec340-dec1-11e9-aa72-0242c0a80002/agendapunten/594f6386-dec1-11e9-aa72-0242c0a80002/beslissingen,Dewael I.2,Dewael I,wijziging bevoegdheid Bert Anciaux,4/14/2000,5/9/2001,Patrick,Dewael,VLD,,,,
287,mandaat,,1999,2004,,,,Dewael I.2,Dewael I,,,,Patrick,Dewael,VLD,minister-president van de Vlaamse Regering,1,"Vlaams minister van Financiën, Begroting, Buitenlands Beleid en Europese Aangelegenheden",
288,mandaat,,1999,2004,,,,Dewael I.2,Dewael I,,,,Steve,Stevaert,SP,minister vice-president van de Vlaamse Regering,9,"Vlaams minister van Mobiliteit, Openbare Werken en Energie",
289,mandaat,,1999,2004,,,,Dewael I.2,Dewael I,,,,Mieke,Vogels,Agalev,,3,"Vlaams minister van Welzijn, Gezondheid en Gelijke Kansen",
290,mandaat,,1999,2004,,,,Dewael I.2,Dewael I,,,,Bert,Anciaux,VU-ID,,4,"Vlaams minister van Cultuur, Jeugd, Brusselse Aangelegenheden en Ontwikkelingssamenwerking",
291,mandaat,,1999,2004,,,,Dewael I.2,Dewael I,,,,Marleen,Vanderpoorten,VLD,,5,Vlaams minister van Onderwijs en Vorming,
292,mandaat,,1999,2004,,,,Dewael I.2,Dewael I,,,,Renaat,Landuyt,SP,,6,Vlaams minister van Werkgelegenheid en Toerisme,
293,mandaat,,1999,2004,,,,Dewael I.2,Dewael I,,,,Vera,Dua,Agalev,,7,Vlaams minister van Leefmilieu en Landbouw,
294,mandaat,,1999,2004,,,,Dewael I.2,Dewael I,,,,Johan,Sauwens,VU-ID,,8,"Vlaams minister van Binnenlandse Aangelegenheden, Ambtenarenzaken en Sport",
295,mandaat,,1999,2004,,,,Dewael I.2,Dewael I,,,,Dirk,Van Mechelen,VLD,,9,"Vlaams minister van Economie, Ruimtelijke Ordening en Media",
277,regering,,1999,2004,https://codex.vlaanderen.be/Zoeken/Document.aspx?DID=1007956&param=informatie,BVR 10/5/2001,https://kaleidos.vlaanderen.be/vergadering/5967b33c-dec1-11e9-aa72-0242c0a80002/agenda/5967b2ce-dec1-11e9-aa72-0242c0a80002/agendapunten/5967bb8e-dec1-11e9-aa72-0242c0a80002/beslissingen,Dewael I.2.b,Dewael I,Johan Sauwens ontslagnemend op 09.05.2001 ,5/10/2001,5/10/2001,,,,,,,
278,mandaat,,1999,2004,,,,Dewael I.2.b,Dewael I,,,,Patrick,Dewael,VLD,minister-president van de Vlaamse Regering,1,"Vlaams minister van Financiën, Begroting, Buitenlands Beleid en Europese Aangelegenheden",
279,mandaat,,1999,2004,,,,Dewael I.2.b,Dewael I,,,,Steve,Stevaert,SP,minister vice-president van de Vlaamse Regering,2,"Vlaams minister van Mobiliteit, Openbare Werken en Energie",
280,mandaat,,1999,2004,,,,Dewael I.2.b,Dewael I,,,,Mieke,Vogels,Agalev,,3,"Vlaams minister van Welzijn, Gezondheid en Gelijke Kansen",
281,mandaat,,1999,2004,,,,Dewael I.2.b,Dewael I,,,,Bert,Anciaux,VU-ID,,4,"Vlaams minister van Cultuur, Jeugd, Sport, Brusselse Aangelegenheden en Ontwikkelingssamenwerking",
282,mandaat,,1999,2004,,,,Dewael I.2.b,Dewael I,,,,Marleen,Vanderpoorten,VLD,,5,Vlaams minister van Onderwijs en Vorming,
283,mandaat,,1999,2004,,,,Dewael I.2.b,Dewael I,,,,Renaat,Landuyt,SP,,6,Vlaams minister van Werkgelegenheid en Toerisme,
284,mandaat,,1999,2004,,,,Dewael I.2.b,Dewael I,,,,Vera,Dua,Agalev,,7,Vlaams minister van Leefmilieu en Landbouw,
285,mandaat,,1999,2004,,,,Dewael I.2.b,Dewael I,,,,Dirk,Van Mechelen,VLD,,8,"Vlaams minister van Economie, Ruimtelijke Ordening en Media",
267,regering,,1999,2004,https://codex.vlaanderen.be/Zoeken/Document.aspx?DID=1007959&param=informatie,BVR 11/5/2001,https://kaleidos.vlaanderen.be/vergadering/5967bf8a-dec1-11e9-aa72-0242c0a80002/agenda/5967bf12-dec1-11e9-aa72-0242c0a80002/agendapunten/59682fe2-dec1-11e9-aa72-0242c0a80002/beslissingen,Dewael I.2.c,Dewael I,Eedaflegging van Paul Van Grembergen op 11.05.2001; op 18/05/2001 nog een technische wijziging,5/11/2001,7/31/2001,,,,,,,
268,mandaat,,1999,2004,,,,Dewael I.2.c,Dewael I,,,,Patrick,Dewael,VLD,minister-president van de Vlaamse Regering,1,"Vlaams minister van Financiën, Begroting, Buitenlands Beleid en Europese Aangelegenheden",
269,mandaat,,1999,2004,,,,Dewael I.2.c,Dewael I,,,,Steve,Stevaert,SP,minister vice-president van de Vlaamse Regering,2,"Vlaams minister van Mobiliteit, Openbare Werken en Energie",
270,mandaat,,1999,2004,,,,Dewael I.2.c,Dewael I,,,,Mieke,Vogels,Agalev,,3,"Vlaams minister van Welzijn, Gezondheid en Gelijke Kansen",
271,mandaat,,1999,2004,,,,Dewael I.2.c,Dewael I,,,,Bert,Anciaux,VU-ID,,4,"Vlaams minister van Cultuur, Jeugd, Sport, Brusselse Aangelegenheden en Ontwikkelingssamenwerking",
272,mandaat,,1999,2004,,,,Dewael I.2.c,Dewael I,,,,Marleen,Vanderpoorten,VLD,,5,Vlaams minister van Onderwijs en Vorming,
273,mandaat,,1999,2004,,,,Dewael I.2.c,Dewael I,,,,Renaat,Landuyt,SP,,6,Vlaams minister van Werkgelegenheid en Toerisme,
274,mandaat,,1999,2004,,,,Dewael I.2.c,Dewael I,,,,Vera,Dua,Agalev,,7,Vlaams minister van Leefmilieu en Landbouw,
275,mandaat,,1999,2004,,,,Dewael I.2.c,Dewael I,,,,Dirk,Van Mechelen,VLD,,8,"Vlaams minister van Economie, Ruimtelijke Ordening en Media",
276,mandaat,,1999,2004,,,,Dewael I.2.c,Dewael I,,,,Paul,Van Grembergen,VU-ID,,9,"Vlaams minister van Binnenlandse Aangelegenheden, Huistevesting en Ambtenarenzaken",
256,regering,,1999,2004,https://codex.vlaanderen.be/Zoeken/Document.aspx?DID=1008092&param=informatie,BVR 13/07/2001,https://kaleidos.vlaanderen.be/vergadering/5967bf8a-dec1-11e9-aa72-0242c0a80002/agenda/5967bf12-dec1-11e9-aa72-0242c0a80002/agendapunten/59682fe2-dec1-11e9-aa72-0242c0a80002/beslissingen,Dewael I.3,Dewael I,Eedaflegging van Jaak Gabriels op 10.07.2001; besluit treedit in werking op 1/08/2001,8/1/2001,7/2/2002,,,,,,,
257,mandaat,,1999,2004,,,,Dewael I.3,Dewael I,,,,Patrick,Dewael,VLD,minister-president van de Vlaamse Regering,1,"Vlaams minister van Financiën, Begroting, Buitenlands Beleid en Europese Aangelegenheden",
258,mandaat,,1999,2004,,,,Dewael I.3,Dewael I,,,,Steve,Stevaert,SP,minister vice-president van de Vlaamse Regering,2,"Vlaams minister van Mobiliteit, Openbare Werken en Energie",
259,mandaat,,1999,2004,,,,Dewael I.3,Dewael I,,,,Mieke,Vogels,Agalev,,3,"Vlaams minister van Welzijn, Gezondheid en Gelijke Kansen",
260,mandaat,,1999,2004,,,,Dewael I.3,Dewael I,,,,Bert,Anciaux,VU-ID,,4,"Vlaams minister van Cultuur, Jeugd, Sport, Brusselse Aangelegenheden en Ontwikkelingssamenwerking",
261,mandaat,,1999,2004,,,,Dewael I.3,Dewael I,,,,Marleen,Vanderpoorten,VLD,,5,Vlaams minister van Onderwijs en Vorming,
262,mandaat,,1999,2004,,,,Dewael I.3,Dewael I,,,,Renaat,Landuyt,SP,,6,Vlaams minister van Werkgelegenheid en Toerisme,
263,mandaat,,1999,2004,,,,Dewael I.3,Dewael I,,,,Vera,Dua,Agalev,,7,Vlaams minister van Leefmilieu en Landbouw,
264,mandaat,,1999,2004,,,,Dewael I.3,Dewael I,,,,Dirk,Van Mechelen,VLD,,8,"Vlaams minister van Economie, Ruimtelijke Ordening en Media",
265,mandaat,,1999,2004,,,,Dewael I.3,Dewael I,,,,Paul,Van Grembergen,VU-ID,,9,"Vlaams minister van Binnenlandse Aangelegenheden, Huistevesting en Ambtenarenzaken",
266,mandaat,,1999,2004,,,,Dewael I.3,Dewael I,,,,Jaak,Gabriëls,VLD,,10,"Vlaams minister van Economie, Buitenlands Beleid en Huisvesting",
245,regering,,1999,2004,https://codex.vlaanderen.be/Zoeken/Document.aspx?DID=1009249&param=informatie,BVR 3/7/2002,https://kaleidos.vlaanderen.be/vergadering/5985d9b6-dec1-11e9-aa72-0242c0a80002/agenda/5985d93e-dec1-11e9-aa72-0242c0a80002/agendapunten/5985de52-dec1-11e9-aa72-0242c0a80002/beslissingen,Dewael I.4,Dewael I,"Bert Anciaux ontslagnemend, eedaflegging Guy Vanhengel",7/3/2002,3/18/2003,,,,,,,
246,mandaat,,1999,2004,,,,Dewael I.4,Dewael I,,,,Patrick,Dewael,VLD,minister-president van de Vlaamse Regering,1,,
247,mandaat,,1999,2004,,,,Dewael I.4,Dewael I,,,,Steve,Stevaert,SP,minister vice-president van de Vlaamse Regering,2,"Vlaams minister van Mobiliteit, Openbare Werken en Energie",
248,mandaat,,1999,2004,,,,Dewael I.4,Dewael I,,,,Mieke,Vogels,Agalev,,3,"Vlaams minister van Welzijn, Gezondheid, Gelijke Kansen en Ontwikkelingssamenwerking",
249,mandaat,,1999,2004,,,,Dewael I.4,Dewael I,,,,Marleen,Vanderpoorten,VLD,,4,Vlaams minister van Onderwijs en Vorming,
250,mandaat,,1999,2004,,,,Dewael I.4,Dewael I,,,,Renaat,Landuyt,SP,,5,Vlaams minister van Werkgelegenheid en Toerisme,
251,mandaat,,1999,2004,,,,Dewael I.4,Dewael I,,,,Vera,Dua,Agalev,,6,Vlaams minister van Leefmilieu en Landbouw,
252,mandaat,,1999,2004,,,,Dewael I.4,Dewael I,,,,Dirk,Van Mechelen,VLD,,7,"Vlaams minister van Financiën en Begroting, Innovatie, Media en Ruimtelijke Ordening",
253,mandaat,,1999,2004,,,,Dewael I.4,Dewael I,,,,Paul,Van Grembergen,VU-ID,,8,"Vlaams minister van Binnenlandse Aangelegenheden, Cultuur en Ambtenarenzaken",
254,mandaat,,1999,2004,,,,Dewael I.4,Dewael I,,,,Jaak,Gabriëls,VLD,,9,"Vlaams minister van Economie, Buitenlands Beleid, Buitenlandse Handel en Huisvesting",
255,mandaat,,1999,2004,,,,Dewael I.4,Dewael I,,,,Guy,Vanhengel,VLD,,10,Vlaams minister van Sport en Brusselse Aangelegenheden,
234,regering,,1999,2004,https://codex.vlaanderen.be/Zoeken/Document.aspx?DID=1010803&param=informatie,BVR 19/3/2003,https://kaleidos.vlaanderen.be/vergadering/5995b2be-dec1-11e9-aa72-0242c0a80002/agenda/5995b250-dec1-11e9-aa72-0242c0a80002/agendapunten/5995b746-dec1-11e9-aa72-0242c0a80002/beslissingen,Dewael I.5,Dewael I,Steve Stevaert ontslagnemend; eedaflegging Gilbert Bossuyt,3/19/2003,5/25/2003,,,,,,,
235,mandaat,,1999,2004,,,,Dewael I.5,Dewael I,,,,Patrick,Dewael,VLD,minister-president van de Vlaamse Regering,1,,
236,mandaat,,1999,2004,,,,Dewael I.5,Dewael I,,,,Renaat,Landuyt,SP,minister vice-president van de Vlaamse Regering,2,Vlaams minister van Werkgelegenheid en Toerisme,
237,mandaat,,1999,2004,,,,Dewael I.5,Dewael I,,,,Mieke,Vogels,Agalev,,3,"Vlaams minister van Welzijn, Gezondheid en Gelijke Kansen",
238,mandaat,,1999,2004,,,,Dewael I.5,Dewael I,,,,Marleen,Vanderpoorten,VLD,,4,Vlaams minister van Onderwijs en Vorming,
239,mandaat,,1999,2004,,,,Dewael I.5,Dewael I,,,,Vera,Dua,Agalev,,5,Vlaams minister van Leefmilieu en Landbouw,
240,mandaat,,1999,2004,,,,Dewael I.5,Dewael I,,,,Dirk,Van Mechelen,VLD,,6,"Vlaams minister van Financiën en Begroting, Innovatie, Media en Ruimtelijke Ordening",
241,mandaat,,1999,2004,,,,Dewael I.5,Dewael I,,,,Paul,Van Grembergen,VU-ID,,7,"Vlaams minister van  Binnenlandse Aangelegenheden, Cultuur  en  Ambtenarenzaken",
242,mandaat,,1999,2004,,,,Dewael I.5,Dewael I,,,,Jaak,Gabriëls,VLD,,8,"Vlaams minister van  Economie, Buitenlands  Beleid,  Buitenlandse  Handel  en Huisvesting",
243,mandaat,,1999,2004,,,,Dewael I.5,Dewael I,,,,Guy,Vanhengel,VLD,,9,Vlaams minister van  Sport  en  Brusselse  Aangelegenheden,
244,mandaat,,1999,2004,,,,Dewael I.5,Dewael I,,,,Gilbert,Bossuyt,SP,,10,"Vlaams minister van Mobiliteit, Openbare Werken en Energie",
223,regering,,1999,2004,https://codex.vlaanderen.be/Zoeken/Document.aspx?DID=1010803&param=informatie,BVR 26/5/2003,https://kaleidos.vlaanderen.be/vergadering/5995b2be-dec1-11e9-aa72-0242c0a80002/agenda/5995b250-dec1-11e9-aa72-0242c0a80002/agendapunten/5995b746-dec1-11e9-aa72-0242c0a80002/beslissingen,Dewael I.6,Dewael I,Mieke Vogels en Vera Dua ontslagnemend n.a.v. uitslag federale verkiezingen; eedaflegging Ludo Sannen en Adelheid Byttenbier,5/26/2003,6/4/2003,,,,,,,
224,mandaat,,1999,2004,,,,Dewael I.6,Dewael I,,,,Patrick,Dewael,VLD,minister-president van de Vlaamse Regering,1,,
225,mandaat,,1999,2004,,,,Dewael I.6,Dewael I,,,,Renaat,Landuyt,SP,minister vice-president van de Vlaamse Regering,2,Vlaams minister van Werkgelegenheid en Toerisme,
226,mandaat,,1999,2004,,,,Dewael I.6,Dewael I,,,,Marleen,Vanderpoorten,VLD,,3,Vlaams minister van Onderwijs en Vorming,
227,mandaat,,1999,2004,,,,Dewael I.6,Dewael I,,,,Dirk,Van Mechelen,VLD,,4,"Vlaams minister van Financiën en Begroting, Ruimtelijke Ordening, Wetenschappen en Technologische Innovatie ",
228,mandaat,,1999,2004,,,,Dewael I.6,Dewael I,,,,Paul,Van Grembergen,VU-ID,,5,"Vlaams minister van Binnenlandse Aangelegenheden, Cultuur, Jeugd en Ambtenarenzaken",
229,mandaat,,1999,2004,,,,Dewael I.6,Dewael I,,,,Jaak,Gabriëls,VLD,,6,"Vlaams minister van  Economie, Buitenlands  Beleid, Buitenlandse Handel en Huisvesting",
230,mandaat,,1999,2004,,,,Dewael I.6,Dewael I,,,,Guy,Vanhengel,VLD,,7,Vlaams minister van Sport en Hoofdstedelijke Aangelegenheden,
231,mandaat,,1999,2004,,,,Dewael I.6,Dewael I,,,,Gilbert,Bossuyt,SP,,8,"Vlaams minister van Mobiliteit, Openbare Werken en Energie",
232,mandaat,,1999,2004,,,,Dewael I.6,Dewael I,,,,Ludo,Sannen,Agalev,,9,"Vlaams minister van Leefmilieu, Landbouw en Ontwikkelingssamenwerking",
233,mandaat,,1999,2004,,,,Dewael I.6,Dewael I,,,,Adelheid,Byttebier,Agalev,,10,"Vlaams minister van Welzijn, Gezondheid en Gelijke Kansen",
213,regering,,1999,2004,,,,Interimregering 2003,Interimregering 2003,Patrick Dewael ontslagnemend ifv voorzitterschap fed. Parl. ,6/4/2003,6/9/2003,,,,,,,
214,mandaat,,1999,2004,,,,Interimregering 2003,Interimregering 2003,,,,Renaat,Landuyt,SP,minister vice-president van de Vlaamse Regering,1,Vlaams minister van Werkgelegenheid en Toerisme,
215,mandaat,,1999,2004,,,,Interimregering 2003,Interimregering 2003,,,,Marleen,Vanderpoorten,VLD,,2,Vlaams minister van Onderwijs en Vorming,
216,mandaat,,1999,2004,,,,Interimregering 2003,Interimregering 2003,,,,Dirk,Van Mechelen,VLD,,3,"Vlaams minister van Financiën en Begroting, Ruimtelijke Ordening, Wetenschappen en Technologische Innovatie ",
217,mandaat,,1999,2004,,,,Interimregering 2003,Interimregering 2003,,,,Paul,Van Grembergen,VU-ID,,4,"Vlaams minister van Binnenlandse Aangelegenheden, Cultuur, Jeugd en Ambtenarenzaken",
218,mandaat,,1999,2004,,,,Interimregering 2003,Interimregering 2003,,,,Jaak,Gabriëls,VLD,,5,"Vlaams minister van  Economie, Buitenlands  Beleid, Buitenlandse Handel en Huisvesting",
219,mandaat,,1999,2004,,,,Interimregering 2003,Interimregering 2003,,,,Guy,Vanhengel,VLD,,6,Vlaams minister van Sport en Hoofdstedelijke Aangelegenheden,
220,mandaat,,1999,2004,,,,Interimregering 2003,Interimregering 2003,,,,Gilbert,Bossuyt,SP,,7,"Vlaams minister van Mobiliteit, Openbare Werken en Energie",
221,mandaat,,1999,2004,,,,Interimregering 2003,Interimregering 2003,,,,Ludo,Sannen,Agalev,,8,"Vlaams minister van Leefmilieu, Landbouw en Ontwikkelingssamenwerking",
222,mandaat,,1999,2004,,,,Interimregering 2003,Interimregering 2003,,,,Adelheid,Byttebier,Agalev,,9,"Vlaams minister van Welzijn, Gezondheid en Gelijke Kansen",
202,regering,,1999,2004,https://codex.vlaanderen.be/Zoeken/Document.aspx?DID=1011313&param=informatie, BVR 10/6/2003,https://kaleidos.vlaanderen.be/vergadering/599a1ab6-dec1-11e9-aa72-0242c0a80002/agenda/599a1a48-dec1-11e9-aa72-0242c0a80002/agendapunten/599a1eb2-dec1-11e9-aa72-0242c0a80002/beslissingen,Somers I.1,Somers I,Eedaflegging Somers  en antrden als minister-president ; eedaflegging Marino Keulen en Patricia Ceyssens,6/10/2003,2/18/2004,,,,,,,
203,mandaat,,1999,2004,,,,Somers I.1,Somers I,,,,Bart,Somers,VLD,minister-president van de Vlaamse Regering,1,,
204,mandaat,,1999,2004,,,,Somers I.1,Somers I,,,,Renaat,Landuyt,sp.a,viceminister-president van de Vlaamse Regering ,2,Vlaams minister van Werkgelegenheid en Toerisme,
205,mandaat,,1999,2004,,,,Somers I.1,Somers I,,,,Marleen,Vanderpoorten,VLD,,3,Vlaams minister van Onderwijs en Vorming,
206,mandaat,,1999,2004,,,,Somers I.1,Somers I,,,,Dirk,Van Mechelen,VLD,,4,"Vlaams minister van Financiën en Begroting, Ruimtelijke Ordening, Wetenschappen en Technologische Innovatie",
207,mandaat,,1999,2004,,,,Somers I.1,Somers I,,,,Paul,Van Grembergen,Spirit,,5,"Vlaams minister van Binnenlandse Aangelegenheden, Cultuur, Jeugd en Ambtenarenzaken",
208,mandaat,,1999,2004,,,,Somers I.1,Somers I,,,,Gilbert,Bossuyt,sp.a,,6,"Vlaams minister van Mobiliteit, Openbare Werken en Energie",
209,mandaat,,1999,2004,,,,Somers I.1,Somers I,,,,Ludo,Sannen,Groen!,,7,"Vlaams minister van Leefmilieu, Landbouw en Ontwikkelingssamenwerking",
210,mandaat,,1999,2004,,,,Somers I.1,Somers I,,,,Adelheid,Byttebier,Groen!,,8,"Vlaams minister van Welzijn, Gezondheid en Gelijke Kansen",
211,mandaat,,1999,2004,,,,Somers I.1,Somers I,,,,Patricia,Ceysens,VLD,,9,"Vlaams minister van Economie, Buitenlands Beleid en E-government",
212,mandaat,,1999,2004,,,,Somers I.1,Somers I,,,,Marino,Keulen,VLD,,10,"Vlaams minister van Wonen, Media en Sport",
191,regering,,1999,2004,https://codex.vlaanderen.be/Zoeken/Document.aspx?DID=1012132&param=informatie,BVR 18/2/2004,https://kaleidos.vlaanderen.be/vergadering/59abe926-dec1-11e9-aa72-0242c0a80002/agenda/59abe8ae-dec1-11e9-aa72-0242c0a80002/agendapunten/59abee62-dec1-11e9-aa72-0242c0a80002/documenten,Somers I.2,Somers I,Ludo Sannen ontslagnemend en eedaflegging Jef Tavernier,2/18/2004,7/20/2004,,,,,,,
192,mandaat,,1999,2004,,,,Somers I.2,Somers I,,,,Bart,Somers,VLD,minister-president van de Vlaamse Regering,1,,
193,mandaat,,1999,2004,,,,Somers I.2,Somers I,,,,Renaat,Landuyt,sp.a,viceminister-president van de Vlaamse Regering ,2,Vlaams minister van Werkgelegenheid en Toerisme,
194,mandaat,,1999,2004,,,,Somers I.2,Somers I,,,,Marleen,Vanderpoorten,VLD,,3,Vlaams minister van Onderwijs en Vorming,
195,mandaat,,1999,2004,,,,Somers I.2,Somers I,,,,Dirk,Van Mechelen,VLD,,4,"Vlaams minister van Financiën en Begroting, Ruimtelijke Ordening, Wetenschappen en Technologische Innovatie",
196,mandaat,,1999,2004,,,,Somers I.2,Somers I,,,,Paul,Van Grembergen,Spirit,,5,"Vlaams minister van Binnenlandse Aangelegenheden, Cultuur, Jeugd en Ambtenarenzaken",
197,mandaat,,1999,2004,,,,Somers I.2,Somers I,,,,Gilbert,Bossuyt,sp.a,,6,"Vlaams minister van Mobiliteit, Openbare Werken en Energie",
198,mandaat,,1999,2004,,,,Somers I.2,Somers I,,,,Adelheid,Byttebier,Groen!,,7,"Vlaams minister van Welzijn, Gezondheid en Gelijke Kansen",
199,mandaat,,1999,2004,,,,Somers I.2,Somers I,,,,Patricia,Ceysens,VLD,,8,"Vlaams minister van Economie, Buitenlands Beleid en E-government",
200,mandaat,,1999,2004,,,,Somers I.2,Somers I,,,,Marino,Keulen,VLD,,9,"Vlaams minister van Wonen, Media en Sport",
201,mandaat,,1999,2004,,,,Somers I.2,Somers I,,,,Jef,Tavernier,Groen!,,10,"Vlaams minister van Leefmilieu, Landbouw en Ontwikkelingssamenwerking",
181,regering,,1999,2004,https://codex.vlaanderen.be/Zoeken/Document.aspx?DID=1012132&param=informatie,BVR 18/2/2004,https://kaleidos.vlaanderen.be/vergadering/59abe926-dec1-11e9-aa72-0242c0a80002/agenda/59abe8ae-dec1-11e9-aa72-0242c0a80002/agendapunten/59abee62-dec1-11e9-aa72-0242c0a80002/documenten,interimregering 2004,interimregering 2004,Renaat Landuyt ontslagnemend ,7/20/2004,7/21/2004,,,,,,,
182,mandaat,,1999,2004,,,,interimregering 2004,interimregering 2004,,,,Bart,Somers,VLD,minister-president van de Vlaamse Regering,1,,
183,mandaat,,1999,2004,,,,interimregering 2004,interimregering 2004,,,,Marleen,Vanderpoorten,VLD,,2,Vlaams minister van Onderwijs en Vorming,
184,mandaat,,1999,2004,,,,interimregering 2004,interimregering 2004,,,,Dirk,Van Mechelen,VLD,,3,"Vlaams minister van Financiën en Begroting, Ruimtelijke Ordening, Wetenschappen en Technologische Innovatie",
185,mandaat,,1999,2004,,,,interimregering 2004,interimregering 2004,,,,Paul,Van Grembergen,Spirit,,4,"Vlaams minister van Binnenlandse Aangelegenheden, Cultuur, Jeugd en Ambtenarenzaken",
186,mandaat,,1999,2004,,,,interimregering 2004,interimregering 2004,,,,Gilbert,Bossuyt,sp.a,,5,"Vlaams minister van Mobiliteit, Openbare Werken en Energie",
187,mandaat,,1999,2004,,,,interimregering 2004,interimregering 2004,,,,Adelheid,Byttebier,Groen!,,6,"Vlaams minister van Welzijn, Gezondheid en Gelijke Kansen",
188,mandaat,,1999,2004,,,,interimregering 2004,interimregering 2004,,,,Patricia,Ceysens,VLD,,7,"Vlaams minister van Economie, Buitenlands Beleid en E-government",
189,mandaat,,1999,2004,,,,interimregering 2004,interimregering 2004,,,,Marino,Keulen,VLD,,8,"Vlaams minister van Wonen, Media en Sport",
190,mandaat,,1999,2004,,,,interimregering 2004,interimregering 2004,,,,Jef,Tavernier,Groen!,,9,"Vlaams minister van Leefmilieu, Landbouw en Ontwikkelingssamenwerking",
180,periode,6/13/2004,2004,2009,https://www.vlaanderenkiest.be/verkiezingen2004/,,,Leterme-Peeters,Leterme,,,,,,,,,,"De verkiezingen van 2004 resulteerden in een grondige herschikking van het Vlaamse politieke landschap. Als voorzitter van het kartel met de meeste zetels in het nieuwe Vlaams Parlement, leidde Yves Leterme het formatieberaad. De Vlaamse Regering bestond uit vijf partijen, behorende tot drie kartels. Het kartel CD&V-N-VA leverde vier ministers: drie van CD&V, onder wie minister-president Leterme, en één van N-VA. VLD-Vivant leverde drie VLD-ministers. Ook het sp.a-Spirit-kartel beschikte over drie ministers, onder wie twee sp.a'ers en één Spiritist.
Na de federale verkiezingen van 2007 werd Yves Leterme premier van de federale regering. Hij werd als minister-president opgevolgd door partijgenoot Kris Peeters."
169,regering,,2004,2009,https://codex.vlaanderen.be/Zoeken/Document.aspx?DID=1013297&param=informatie,BVR 27/7/2004,https://kaleidos.vlaanderen.be/vergadering/59b9481e-dec1-11e9-aa72-0242c0a80002/agenda/59b947b0-dec1-11e9-aa72-0242c0a80002/agendapunten/59b962e0-dec1-11e9-aa72-0242c0a80002/beslissingen,Leterme,Leterme,nieuwe regering na verkiezingen; technische wijzigingen in bevoegdheidsbesluit van 1/04/2006 met referentie:  https://codex.vlaanderen.be/Zoeken/Document.aspx?DID=1014554&param=informatie,7/22/2004,6/27/2007,,,,,,,
170,mandaat,,2004,2009,,,,Leterme,Leterme,,,,Yves,Leterme,CD&V,minister-president van de Vlaamse Regering,1,"Vlaams minister van Institutionele Hervormingen, Landbouw, Zeevisserij en Plattelandsbeleid",
171,mandaat,,2004,2009,,,,Leterme,Leterme,,,,Fientje,Moerman,VLD,viceminister-president van de Vlaamse Regering ,2,"Vlaams minister van Institutionele Hervormingen, Landbouw, Zeevisserij en Plattelandsbeleid",
172,mandaat,,2004,2009,,,,Leterme,Leterme,,,,Frank,Vandenbroucke,sp.a,viceminister-president van de Vlaamse Regering ,3," Vlaams minister van Werk, Onderwijs en Vorming",
173,mandaat,,2004,2009,,,,Leterme,Leterme,,,,Inge,Vervotte,CD&V,,4,"Vlaams minister van Welzijn, Volksgezondheid en Gezin",
174,mandaat,,2004,2009,,,,Leterme,Leterme,,,,Dirk,Van Mechelen,VLD,,5,"Vlaams minister van Financiën, Begroting en Ruimtelijke Ordening",
175,mandaat,,2004,2009,,,,Leterme,Leterme,,,,Bert,Anciaux,Spirit,,6,"Vlaams minister van Cultuur, Jeugd, Sport en Brussel",
176,mandaat,,2004,2009,,,,Leterme,Leterme,,,,Geert,Bourgeois,N-VA,,7,"Vlaams minister van Bestuurszaken, Buitenlands Beleid, Media en Toerisme",
177,mandaat,,2004,2009,,,,Leterme,Leterme,,,,Kris,Peeters,CD&V,,8,"Vlaams minister van Openbare Werken, Energie, Leefmilieu en Natuur",
178,mandaat,,2004,2009,,,,Leterme,Leterme,,,,Marino,Keulen,VLD,,9,"Vlaams minister van Binnenlands Bestuur, Stedenbeleid, Wonen en Inburgering",
179,mandaat,,2004,2009,,,,Leterme,Leterme,,,,Kathleen,Van Brempt,sp.a,,10,"Vlaams minister van Mobiliteit, Sociale Economie en Gelijke Kansen",
158,regering,,2004,2009,https://codex.vlaanderen.be/Zoeken/Document.aspx?DID=1015934&param=informatie,BVR 28/6/2007,https://kaleidos.vlaanderen.be/vergadering/59fcb158-dec1-11e9-aa72-0242c0a80002/agenda/59fcb0cc-dec1-11e9-aa72-0242c0a80002/agendapunten/59fcc0e4-dec1-11e9-aa72-0242c0a80002/beslissingen,Peeters I.1,Peeters I,Yves Leterme ontslagnemend ifv premierschap federale regering,6/28/2007,10/9/2009,,,,,,,
159,mandaat,,2004,2009,,,,Peeters I.1,Peeters I,,,,Kris,Peeters,CD&V,minister-president van de Vlaamse Regering,1,"Vlaams minister van Economie, Buitenlands Beleid, Landbouw en Plattelandsbeleid",
160,mandaat,,2004,2009,,,,Peeters I.1,Peeters I,,,,Fientje,Moerman,Open Vld,viceminister-president van de Vlaamse Regering ,2,"Vlaams minister van Economie, Ondernemen, Wetenschap, Innovatie en Buitenlandse Handel",
161,mandaat,,2004,2009,,,,Peeters I.1,Peeters I,,,,Frank,Vandenbroucke,sp.a,viceminister-president van de Vlaamse Regering ,3," Vlaams minister van Werk, Onderwijs en Vorming",
162,mandaat,,2004,2009,,,,Peeters I.1,Peeters I,,,,Dirk,Van Mechelen,Open Vld,,4,"Vlaams minister van Financiën, Begroting en Ruimtelijke Ordening",
163,mandaat,,2004,2009,,,,Peeters I.1,Peeters I,,,,Bert,Anciaux,Spirit,,5,"Vlaams minister van Cultuur, Jeugd, Sport en Brussel",
164,mandaat,,2004,2009,,,,Peeters I.1,Peeters I,,,,Geert,Bourgeois,N-VA,,6,"Vlaams minister van Bestuurszaken, Buitenlands Beleid, Media en Toerisme",
165,mandaat,,2004,2009,,,,Peeters I.1,Peeters I,,,,Marino,Keulen,Open Vld,,7,"Vlaams minister van Binnenlands Bestuur, Stedenbeleid, Wonen en Inburgering",
166,mandaat,,2004,2009,,,,Peeters I.1,Peeters I,,,,Kathleen,Van Brempt,sp.a,,8,"Vlaams minister van Mobiliteit, Sociale Economie en Gelijke Kansen",
167,mandaat,,2004,2009,,,,Peeters I.1,Peeters I,,,,Steven,Vanackere,CD&V,,9,"Vlaams minister van Welzijn, Volksgezondheid en Gezin",
168,mandaat,,2004,2009,,,,Peeters I.1,Peeters I,,,,Hilde,Crevits,CD&V,,10,"Vlaams minister van Openbare Werken, Energie, Leefmilieu en Natuur",
147,regering,,2004,2009,https://codex.vlaanderen.be/Zoeken/Document.aspx?DID=1016247&param=informatie,BVR 10/10/2007,https://kaleidos.vlaanderen.be/vergadering/5a03090e-dec1-11e9-aa72-0242c0a80002/agenda/5a0308a0-dec1-11e9-aa72-0242c0a80002/agendapunten/5a03103e-dec1-11e9-aa72-0242c0a80002/beslissingen,Peeters I.2,Peeters I,Fientje Moerman ontslagnemend; eedaflegging Patricia Ceysens,10/10/2009,9/21/2008,,,,,,,
148,mandaat,,2004,2009,,,,Peeters I.2,Peeters I,,,,Kris,Peeters,CD&V,minister-president van de Vlaamse Regering,1,"Vlaams minister van Institutionele Hervormingen, Havens, Landbouw, Zeevisserij en Plattelandsbeleid ",
149,mandaat,,2004,2009,,,,Peeters I.2,Peeters I,,,,Dirk,Van Mechelen,Open Vld,viceminister-president van de Vlaamse Regering ,2,"Vlaams minister van Financiën, Begroting en Ruimtelijke Ordening",
150,mandaat,,2004,2009,,,,Peeters I.2,Peeters I,,,,Frank,Vandenbroucke,sp.a,viceminister-president van de Vlaamse Regering ,3," Vlaams minister van Werk, Onderwijs en Vorming",
151,mandaat,,2004,2009,,,,Peeters I.2,Peeters I,,,,Bert,Anciaux,Spirit,,4,"Vlaams minister van Cultuur, Jeugd, Sport en Brussel",
152,mandaat,,2004,2009,,,,Peeters I.2,Peeters I,,,,Geert,Bourgeois,N-VA,,5,"Vlaams minister van Bestuurszaken, Buitenlands Beleid, Media en Toerisme",
153,mandaat,,2004,2009,,,,Peeters I.2,Peeters I,,,,Marino,Keulen,Open Vld,,6,"Vlaams minister van Binnenlands Bestuur, Stedenbeleid, Wonen en Inburgering",
154,mandaat,,2004,2009,,,,Peeters I.2,Peeters I,,,,Kathleen,Van Brempt,sp.a,,7,"Vlaams minister van Mobiliteit, Sociale Economie en Gelijke Kansen",
155,mandaat,,2004,2009,,,,Peeters I.2,Peeters I,,,,Steven,Vanackere,CD&V,,8,"Vlaams minister van Welzijn, Volksgezondheid en Gezin",
156,mandaat,,2004,2009,,,,Peeters I.2,Peeters I,,,,Hilde,Crevits,CD&V,,9,"Vlaams minister van Openbare Werken, Energie, Leefmilieu en Natuur",
157,mandaat,,2004,2009,,,,Peeters I.2,Peeters I,,,,Patricia,Ceysens,Open Vld,,10,"Vlaams minister van Economie, Ondernemen, Wetenschap, Innovatie en Buitenlandse Handel",
137,regering,,2004,2009,https://codex.vlaanderen.be/Zoeken/Document.aspx?DID=1017088&param=informatie,BVR 22/09/2008,https://kaleidos.vlaanderen.be/vergadering/5a17e676-dec1-11e9-aa72-0242c0a80002/agenda/5a17e608-dec1-11e9-aa72-0242c0a80002/agendapunten/5a17ea86-dec1-11e9-aa72-0242c0a80002/beslissingen,Peeters I.3,Peeters I,Geert Bourgeois ontslagnemend,9/22/2008,12/29/2008,,,,,,,
138,mandaat,,2004,2009,,,,Peeters I.3,Peeters I,,,,Kris,Peeters,CD&V,minister-president van de Vlaamse Regering,1,"Vlaams minister van Institutionele Hervormingen, Bestuurszaken, Buitenlands Beleid, Media, Toerisme, Havens, Landbouw, Zeevisserij en Plattelandsbeleid ",
139,mandaat,,2004,2009,,,,Peeters I.3,Peeters I,,,,Dirk,Van Mechelen,Open Vld,viceminister-president van de Vlaamse Regering ,2,"Vlaams minister van Financiën, Begroting en Ruimtelijke Ordening",
140,mandaat,,2004,2009,,,,Peeters I.3,Peeters I,,,,Frank,Vandenbroucke,sp.a,viceminister-president van de Vlaamse Regering ,3," Vlaams minister van Werk, Onderwijs en Vorming",
141,mandaat,,2004,2009,,,,Peeters I.3,Peeters I,,,,Bert,Anciaux,Spirit,,4,"Vlaams minister van Cultuur, Jeugd, Sport en Brussel",
142,mandaat,,2004,2009,,,,Peeters I.3,Peeters I,,,,Marino,Keulen,Open Vld,,5,"Vlaams minister van Binnenlands Bestuur, Stedenbeleid, Wonen en Inburgering",
143,mandaat,,2004,2009,,,,Peeters I.3,Peeters I,,,,Kathleen,Van Brempt,sp.a,,6,"Vlaams minister van Mobiliteit, Sociale Economie en Gelijke Kansen",
144,mandaat,,2004,2009,,,,Peeters I.3,Peeters I,,,,Steven,Vanackere,CD&V,,7,"Vlaams minister van Welzijn, Volksgezondheid en Gezin",
145,mandaat,,2004,2009,,,,Peeters I.3,Peeters I,,,,Hilde,Crevits,CD&V,,8,"Vlaams minister van Openbare Werken, Energie, Leefmilieu en Natuur",
146,mandaat,,2004,2009,,,,Peeters I.3,Peeters I,,,,Patricia,Ceysens,Open Vld,,9,"Vlaams minister van Economie, Ondernemen, Wetenschap, Innovatie en Buitenlandse Handel",
128,regering,,2004,2009,https://codex.vlaanderen.be/Zoeken/Document.aspx?DID=1017425&param=informatie ,BVR 06/01/2009,https://kaleidos.vlaanderen.be/vergadering/5a203916-dec1-11e9-aa72-0242c0a80002/agenda/5a2038b2-dec1-11e9-aa72-0242c0a80002/agendapunten/5a2040fa-dec1-11e9-aa72-0242c0a80002/beslissingen,Peeters I.4,Peeters I,Steven Vanackere ontslagnemend,12/30/2008,1/5/2009,,,,,,,
129,mandaat,,2004,2009,,,,Peeters I.4,Peeters I,,,,Kris,Peeters,CD&V,minister-president van de Vlaamse Regering,1,"Vlaams minister van Institutionele Hervormingen, Bestuurszaken, Buitenlands Beleid, Media, Toerisme, Havens, Landbouw, Zeevisserij en Plattelandsbeleid ",
130,mandaat,,2004,2009,,,,Peeters I.4,Peeters I,,,,Dirk,Van Mechelen,Open Vld,viceminister-president van de Vlaamse Regering ,2,"Vlaams minister van Financiën, Begroting en Ruimtelijke Ordening",
131,mandaat,,2004,2009,,,,Peeters I.4,Peeters I,,,,Frank,Vandenbroucke,sp.a,viceminister-president van de Vlaamse Regering ,3," Vlaams minister van Werk, Onderwijs en Vorming",
132,mandaat,,2004,2009,,,,Peeters I.4,Peeters I,,,,Bert,Anciaux,Spirit,,4,"Vlaams minister van Cultuur, Jeugd, Sport en Brussel",
133,mandaat,,2004,2009,,,,Peeters I.4,Peeters I,,,,Marino,Keulen,Open Vld,,5,"Vlaams minister van Binnenlands Bestuur, Stedenbeleid, Wonen en Inburgering",
134,mandaat,,2004,2009,,,,Peeters I.4,Peeters I,,,,Kathleen,Van Brempt,sp.a,,6,"Vlaams minister van Mobiliteit, Sociale Economie en Gelijke Kansen",
135,mandaat,,2004,2009,,,,Peeters I.4,Peeters I,,,,Hilde,Crevits,CD&V,,7,"Vlaams minister van Openbare Werken, Energie, Leefmilieu en Natuur",
136,mandaat,,2004,2009,,,,Peeters I.4,Peeters I,,,,Patricia,Ceysens,Open Vld,,8,"Vlaams minister van Economie, Ondernemen, Wetenschap, Innovatie en Buitenlandse Handel",
118,regering,,2004,2009,https://codex.vlaanderen.be/Zoeken/Document.aspx?DID=1017452&param=informatie,BVR 06/01/2009,https://kaleidos.vlaanderen.be/vergadering/5a2044f6-dec1-11e9-aa72-0242c0a80002/agenda/5a204474-dec1-11e9-aa72-0242c0a80002/agendapunten/5a204df2-dec1-11e9-aa72-0242c0a80002/beslissingen,Peeters I.4.b,Peeters I,Eedaflegging Veerle Heeren,1/6/2009,7/12/2009,,,,,,,
119,mandaat,,2004,2009,,,,Peeters I.4.b,Peeters I,,,,Kris,Peeters,CD&V,minister-president van de Vlaamse Regering,1,"Vlaams minister van Institutionele Hervormingen, Bestuurszaken, Buitenlands Beleid, Media, Toerisme, Havens, Landbouw, Zeevisserij en Plattelandsbeleid ",
120,mandaat,,2004,2009,,,,Peeters I.4.b,Peeters I,,,,Dirk,Van Mechelen,Open Vld,,2,"Vlaams minister van Financiën, Begroting en Ruimtelijke Ordening",
121,mandaat,,2004,2009,,,,Peeters I.4.b,Peeters I,,,,Frank,Vandenbroucke,sp.a,viceminister-president van de Vlaamse Regering ,3," Vlaams minister van Werk, Onderwijs en Vorming",
122,mandaat,,2004,2009,,,,Peeters I.4.b,Peeters I,,,,Bert,Anciaux,Spirit,,4,"Vlaams minister van Cultuur, Jeugd, Sport en Brussel",
123,mandaat,,2004,2009,,,,Peeters I.4.b,Peeters I,,,,Marino,Keulen,Open Vld,,5,"Vlaams minister van Binnenlands Bestuur, Stedenbeleid, Wonen en Inburgering",
124,mandaat,,2004,2009,,,,Peeters I.4.b,Peeters I,,,,Kathleen,Van Brempt,sp.a,,6,"Vlaams minister van Mobiliteit, Sociale Economie en Gelijke Kansen",
125,mandaat,,2004,2009,,,,Peeters I.4.b,Peeters I,,,,Hilde,Crevits,CD&V,,7,"Vlaams minister van Openbare Werken, Energie, Leefmilieu en Natuur",
126,mandaat,,2004,2009,,,,Peeters I.4.b,Peeters I,,,,Patricia,Ceysens,Open Vld,viceminister-president van de Vlaamse Regering ,8,"Vlaams minister van Economie, Ondernemen, Wetenschap, Innovatie en Buitenlandse Handel",
127,mandaat,,2004,2009,,,,Peeters I.4.b,Peeters I,,,,Veerle,Heeren,CD&V,,9,"Vlaams minister van Welzijn, Volksgezondheid en Gezin",
117,periode,6/7/2009,2009,2014,https://www.vlaanderenkiest.be/verkiezingen2009/,,,Peeters II,Peeters II,,,,,,,,,,"Vlaamse Regering 2009-2014 (Peeters II)
Startte, na de Vlaamse verkiezingen van juni 2009, op 13 juli 2009 met Kris Peeters als minister-president."
107,regering,,2009,2014,https://codex.vlaanderen.be/Zoeken/Document.aspx?DID=1018144&param=informatie,BVR 13/07/2009,https://kaleidos.vlaanderen.be/vergadering/5a459da0-dec1-11e9-aa72-0242c0a80002/agenda/5a459d28-dec1-11e9-aa72-0242c0a80002/agendapunten/5a45a5d4-dec1-11e9-aa72-0242c0a80002/beslissingen,Peeters II.1,Peeters II,Op 6/07/2010 is er een onderbreking van het maandaat van Geert Bourgeois en Philippe Muyters,7/13/2009,7/6/2010,,,,,,,
108,mandaat,,2009,2014,,,,Peeters II.1,Peeters II,,,,Kris,Peeters,CD&V,minister-president van de Vlaamse Regering,1,"Vlaams minister van Economie, Buitenlands Beleid, Landbouw en Plattelandsbeleid",
109,mandaat,,2009,2014,,,,Peeters II.1,Peeters II,,,,Ingrid,Lieten,sp.a,viceminister-president van de Vlaamse Regering ,2,"Vlaams minister van Innovatie, Overheidsinvesteringen, Media en Armoedebestrijding",
110,,,2009,2014,,,,Peeters II.1,Peeters II,,,,Geert,Bourgeois,N-VA,viceminister-president van de Vlaamse Regering ,3,"Vlaams minister van Bestuurszaken, Binnenlands Bestuur, Inburgering, Toerisme en Vlaamse Rand",
111,mandaat,,2009,2014,,,,Peeters II.1,Peeters II,,,,Jo,Vandeurzen,CD&V,,4,"Vlaams minister van Welzijn, Volksgezondheid en Gezin",
112,mandaat,,2009,2014,,,,Peeters II.1,Peeters II,,,,Hilde,Crevits,CD&V,,5,Vlaams minister van Mobiliteit en Openbare Werken,
113,mandaat,,2009,2014,,,,Peeters II.1,Peeters II,,,,Freya,Van den Bossche,sp.a,,6,"Vlaams minister van Energie, Wonen, Steden en Sociale Economie",
114,,,2009,2014,,,,Peeters II.1,Peeters II,,,,Philippe,Muyters,N-VA,,7,"Vlaams minister van Financiën, Begroting, Werk, Ruimtelijke Ordening en Sport",
115,mandaat,,2009,2014,,,,Peeters II.1,Peeters II,,,,Joke,Schauvliege,CD&V,,8,"Vlaams minister van Leefmilieu, Natuur en Cultuur",
116,mandaat,,2009,2014,,,,Peeters II.1,Peeters II,,,,Pascal,Smet,sp.a,,9,"Vlaams minister van Onderwijs, Jeugd, Gelijke Kansen en Brussel",
99,regering,,2009,2014,https://codex.vlaanderen.be/Zoeken/Document.aspx?DID=1019201&param=informatie,BVR 06/07/2010,https://kaleidos.vlaanderen.be/vergadering/5a459da0-dec1-11e9-aa72-0242c0a80002/agenda/5a459d28-dec1-11e9-aa72-0242c0a80002/agendapunten/5a45a5d4-dec1-11e9-aa72-0242c0a80002/beslissingen,Peeters II.2,Peeters II,Op 6/07/2010 is er een onderbreking van het maandaat van Geert Bourgeois en Philippe Muyters,7/13/2009,7/6/2010,,,,,,,
100,mandaat,,2009,2014,,,,Peeters II.2,Peeters II,,,,Kris,Peeters,CD&V,minister-president van de Vlaamse Regering,1,"Vlaams minister van Economie, Buitenlands Beleid, Landbouw en Plattelandsbeleid",
101,mandaat,,2009,2014,,,,Peeters II.2,Peeters II,,,,Ingrid,Lieten,sp.a,viceminister-president van de Vlaamse Regering ,2,"Vlaams minister van Innovatie, Overheidsinvesteringen, Media en Armoedebestrijding",
102,mandaat,,2009,2014,,,,Peeters II.2,Peeters II,,,,Jo,Vandeurzen,CD&V,,3,"Vlaams minister van Welzijn, Volksgezondheid en Gezin",
103,mandaat,,2009,2014,,,,Peeters II.2,Peeters II,,,,Hilde,Crevits,CD&V,,4,Vlaams minister van Mobiliteit en Openbare Werken,
104,mandaat,,2009,2014,,,,Peeters II.2,Peeters II,,,,Freya,Van den Bossche,sp.a,,5,"Vlaams minister van Energie, Wonen, Steden en Sociale Economie",
105,mandaat,,2009,2014,,,,Peeters II.2,Peeters II,,,,Joke,Schauvliege,CD&V,,6,"Vlaams minister van Leefmilieu, Natuur en Cultuur",
106,mandaat,,2009,2014,,,,Peeters II.2,Peeters II,,,,Pascal,Smet,sp.a,,7,"Vlaams minister van Onderwijs, Jeugd, Gelijke Kansen en Brussel",
89,regering,,2009,2014,https://codex.vlaanderen.be/Zoeken/Document.aspx?DID=1019207&param=informatie,BVR 07/07/2010,https://kaleidos.vlaanderen.be/vergadering/5a45aa52-dec1-11e9-aa72-0242c0a80002/agenda/5a45a9da-dec1-11e9-aa72-0242c0a80002/agendapunten/5a45b40c-dec1-11e9-aa72-0242c0a80002/beslissingen,Peeters II.2.b,Peeters II,Bourgeois en Muyters terug in regering; Muyters op andere plaats in rangorde,7/7/2010,7/24/2014,,,,,,,
90,mandaat,,2009,2014,,,,Peeters II.2.b,Peeters II,,,,Kris,Peeters,CD&V,minister-president van de Vlaamse Regering,1,"Vlaams minister van Economie, Buitenlands Beleid, Landbouw en Plattelandsbeleid",
91,mandaat,,2009,2014,,,,Peeters II.2.b,Peeters II,,,,Ingrid,Lieten,sp.a,viceminister-president van de Vlaamse Regering ,2,"Vlaams minister van Innovatie, Overheidsinvesteringen, Media en Armoedebestrijding",
92,mandaat,,2009,2014,,,,Peeters II.2.b,Peeters II,,,,Geert,Bourgeois,N-VA,viceminister-president van de Vlaamse Regering ,3,"Vlaams minister van Bestuurszaken, Binnenlands Bestuur, Inburgering, Toerisme en Vlaamse Rand",
93,mandaat,,2009,2014,,,,Peeters II.2.b,Peeters II,,,,Jo,Vandeurzen,CD&V,,4,"Vlaams minister van Welzijn, Volksgezondheid en Gezin",
94,mandaat,,2009,2014,,,,Peeters II.2.b,Peeters II,,,,Hilde,Crevits,CD&V,,5,Vlaams minister van Mobiliteit en Openbare Werken,
95,mandaat,,2009,2014,,,,Peeters II.2.b,Peeters II,,,,Freya,Van den Bossche,sp.a,,6,"Vlaams minister van Energie, Wonen, Steden en Sociale Economie",
96,mandaat,,2009,2014,,,,Peeters II.2.b,Peeters II,,,,Joke,Schauvliege,CD&V,,7,"Vlaams minister van Leefmilieu, Natuur en Cultuur",
97,mandaat,,2009,2014,,,,Peeters II.2.b,Peeters II,,,,Pascal,Smet,sp.a,,8,"Vlaams minister van Onderwijs, Jeugd, Gelijke Kansen en Brussel",
98,mandaat,,2009,2014,,,,Peeters II.2.b,Peeters II,,,,Philippe,Muyters,N-VA,,9,"Vlaams minister van Financiën, Begroting, Werk, Ruimtelijke Ordening en Sport",
88,periode,5/25/2014,2014,2019,https://www.vlaanderenkiest.be/verkiezingen2014/,,,Bourgeois - Homans,Bourgeois I,,,,,,,,,,"Bij de regionale verkiezingen van 25 mei 2014 haalde N-VA de meeste stemmen in Vlaanderen. Geert Bourgeois (N-VA) werd de nieuwe minister-president van een regering met drie partijen. N-VA kreeg vier ministers (Bourgeois inbegrepen), CD&V leverde drie ministers en Open Vld kreeg twee ministers.
Op 29 april 2016 nam Annemie Turtelboom (Open Vld) ontslag als minister van Begroting, Financiën en Energie. Zij werd opgevolgd door haar partijgenoot Bart Tommelein.
Na de gemeenteraadsverkiezingen van 14 oktober 2018 nam Bart Tommelein ontslag om burgemeester van Oostende te worden. Op 9 januari 2019 legde Lydia Peeters (Open Vld) de eed af als nieuwe minister van Begroting, Financiën en Energie. Sven Gatz nam de rol van viceminister-president over.
Op 5 februari 2019 nam Joke Schauvliege (CD&V) ontslag als minister van Omgeving, Natuur en Landbouw. Zij werd opgevolgd door haar partijgenoot Koen Van den Heuvel.
Na de verkiezingen van 26 mei 2019 werd minister-president Geert Bourgeois verkozen in het Europees Parlement. Hij legde de eed af als parlementslid op 2 juli 2019 en nam daarom ontslag uit zijn regering. Hij werd opgevolgd door Liesbeth Homans (N-VA), die op 2 juli de eed aflegde als minister-president van de regering in lopende zaken. Ben Weyts nam de rol van viceminister-president over.
Enkele weken later legde minister Sven Gatz de eed af als minister van de Brusselse Regering. Hij bleef nog aan als Vlaams minister van Brusselse aangelegenheden. Lydia Peeters nam zijn andere bevoegdheden (Cultuur, Jeugd en Media) alsook de rol van viceminister-president over."
78,regering,,2014,2019,https://codex.vlaanderen.be/Zoeken/Document.aspx?DID=1024346&param=informatie,BVR 25/7/2014,https://kaleidos.vlaanderen.be/vergadering/5ac4ff00-dec1-11e9-aa72-0242c0a80002/agenda/5ac4fe88-dec1-11e9-aa72-0242c0a80002/agendapunten/5ac50b9e-dec1-11e9-aa72-0242c0a80002/beslissingen,Bourgeois I.1,Bourgeois I,nieuwe regering na verkiezingen,7/25/2014,4/29/2016,,,,,,,
79,mandaat,,2014,2019,,,,Bourgeois I.1,Bourgeois I,,,,Geert,Bourgeois,N-VA,minister-president van de Vlaamse Regering,1,Vlaams minister van Buitenlands Beleid en Onroerend Erfgoed,
80,mandaat,,2014,2019,,,,Bourgeois I.1,Bourgeois I,,,,Hilde,Crevits, CD&V,viceminister-president van de Vlaamse Regering ,2,Vlaams minister van Onderwijs,
81,mandaat,,2014,2019,,,,Bourgeois I.1,Bourgeois I,,,,Annemie,Turtelboom,Open Vld,viceminister-president van de Vlaamse Regering ,3,"Vlaams minister van Begroting, Financiën en Energie",
82,mandaat,,2014,2019,,,,Bourgeois I.1,Bourgeois I,,,,Liesbeth,Homans,N-VA,viceminister-president van de Vlaamse Regering ,4,"Vlaams minister van Binnenlands Bestuur, Inburgering, Wonen, Gelijke Kansen en armoedebestrijding",
83,mandaat,,2014,2019,,,,Bourgeois I.1,Bourgeois I,,,,Ben,Weyts,N-VA,,5,"Vlaams minister van Mobiliteit, Openbare Werken, Vlaamse Rand, Toerisme en Dierenwelzijn",
84,mandaat,,2014,2019,,,,Bourgeois I.1,Bourgeois I,,,,Jo,Vandeurzen,CD&V,,6,"Vlaams minister van Welzijn, Volksgezondheid en Gezin",
85,mandaat,,2014,2019,,,,Bourgeois I.1,Bourgeois I,,,,Philippe,Muyters,N-VA,,7,"Vlaams minister van Werk, Economie, Innovatie en Sport",
86,mandaat,,2014,2019,,,,Bourgeois I.1,Bourgeois I,,,,Joke,Schauvliege,CD&V,,8,"Vlaams minister van Omgeving, Natuur en Landbouw",
87,mandaat,,2014,2019,,,,Bourgeois I.1,Bourgeois I,,,,Sven,Gatz,Open Vld,,9,"Vlaams minister van Cultuur, Media, Jeugd en Brusselse aangelegenheden",
69,regering,,2014,2019,https://codex.vlaanderen.be/Zoeken/Document.aspx?DID=1026766&param=informatie,BVR 29/4/2016 ,https://kaleidos.vlaanderen.be/vergadering/5af62062-dec1-11e9-aa72-0242c0a80002/agenda/5af61ff4-dec1-11e9-aa72-0242c0a80002/agendapunten/5af62d78-dec1-11e9-aa72-0242c0a80002/beslissingen,Bourgeois I.2,Bourgeois I,Annemie Turtelboom ontslagnemend,4/29/2016,5/3/2016,,,,,,,
70,mandaat,,2014,2019,,,,Bourgeois I.2,Bourgeois I,,,,Geert,Bourgeois,N-VA,minister-president van de Vlaamse Regering,1,Vlaams minister van Buitenlands Beleid en Onroerend Erfgoed,
71,mandaat,,2014,2019,,,,Bourgeois I.2,Bourgeois I,,,,Hilde,Crevits,CD&V,viceminister-president van de Vlaamse Regering ,2,Vlaams minister van Onderwijs,
72,mandaat,,2014,2019,,,,Bourgeois I.2,Bourgeois I,,,,Liesbeth,Homans,N-VA,viceminister-president van de Vlaamse Regering ,3,"Vlaams minister van Binnenlands Bestuur, Inburgering, Wonen, Gelijke Kansen en armoedebestrijding",
73,mandaat,,2014,2019,,,,Bourgeois I.2,Bourgeois I,,,,Ben,Weyts,N-VA,,4,"Vlaams minister van Mobiliteit, Openbare Werken, Vlaamse Rand, Toerisme en Dierenwelzijn",
74,mandaat,,2014,2019,,,,Bourgeois I.2,Bourgeois I,,,,Jo,Vandeurzen,CD&V,,5,"Vlaams minister van Welzijn, Volksgezondheid en Gezin",
75,mandaat,,2014,2019,,,,Bourgeois I.2,Bourgeois I,,,,Philippe,Muyters,N-VA,,6,"Vlaams minister van Werk, Economie, Innovatie en Sport",
76,mandaat,,2014,2019,,,,Bourgeois I.2,Bourgeois I,,,,Joke,Schauvliege,CD&V,,7,"Vlaams minister van Omgeving, Natuur en Landbouw",
77,mandaat,,2014,2019,,,,Bourgeois I.2,Bourgeois I,,,,Sven,Gatz,Open Vld,,8,"Vlaams minister van Cultuur, Media, Jeugd en Brusselse aangelegenheden",
59,regering,,2014,2019,https://codex.vlaanderen.be/Zoeken/Document.aspx?DID=1026767&param=informatie,BVR 4/5/2016 ,https://kaleidos.vlaanderen.be/vergadering/5af6439e-dec1-11e9-aa72-0242c0a80002/agenda/5af64326-dec1-11e9-aa72-0242c0a80002/agendapunten/5af657a8-dec1-11e9-aa72-0242c0a80002/beslissingen,Bourgeois I.2.b,Bourgeois I,Eedaflegging Bart Tommelein,5/4/2016,12/31/2018,,,,,,,
60,mandaat,,2014,2019,,,,Bourgeois I.2.b,Bourgeois I,,,,Geert,Bourgeois,N-VA,minister-president van de Vlaamse Regering,1,Vlaams minister van Buitenlands Beleid en Onroerend Erfgoed,
61,mandaat,,2014,2019,,,,Bourgeois I.2.b,Bourgeois I,,,,Hilde,Crevits,CD&V,viceminister-president van de Vlaamse Regering ,2,Vlaams minister van Onderwijs,
62,mandaat,,2014,2019,,,,Bourgeois I.2.b,Bourgeois I,,,,Bart,Tommelein,Open Vld,viceminister-president van de Vlaamse Regering ,3,"Vlaams minister van Begroting, Financiën en Energie",
63,mandaat,,2014,2019,,,,Bourgeois I.2.b,Bourgeois I,,,,Liesbeth,Homans,N-VA,viceminister-president van de Vlaamse Regering ,4,"Vlaams minister van Binnenlands Bestuur, Inburgering, Wonen, Gelijke Kansen en armoedebestrijding",
64,mandaat,,2014,2019,,,,Bourgeois I.2.b,Bourgeois I,,,,Ben,Weyts,N-VA,,5,"Vlaams minister van Mobiliteit, Openbare Werken, Vlaamse Rand, Toerisme en Dierenwelzijn",
65,mandaat,,2014,2019,,,,Bourgeois I.2.b,Bourgeois I,,,,Jo,Vandeurzen,CD&V,,6,"Vlaams minister van Welzijn, Volksgezondheid en Gezin",
66,mandaat,,2014,2019,,,,Bourgeois I.2.b,Bourgeois I,,,,Philippe,Muyters,N-VA,,7,"Vlaams minister van Werk, Economie, Innovatie en Sport",
67,mandaat,,2014,2019,,,,Bourgeois I.2.b,Bourgeois I,,,,Joke,Schauvliege,CD&V,,8,"Vlaams minister van Omgeving, Natuur en Landbouw",
68,mandaat,,2014,2019,,,,Bourgeois I.2.b,Bourgeois I,,,,Sven,Gatz,Open Vld,,9,"Vlaams minister van Cultuur, Media, Jeugd en Brusselse aangelegenheden",
50,regering,,2014,2019,https://codex.vlaanderen.be/Zoeken/Document.aspx?DID=1030148&param=informatie,BVR 31/12/2018 ,https://kaleidos.vlaanderen.be/vergadering/5b4cda7e-dec1-11e9-aa72-0242c0a80002/agenda/5b4cda10-dec1-11e9-aa72-0242c0a80002/agendapunten/5b4ce898-dec1-11e9-aa72-0242c0a80002/beslissingen#,Bourgeois I.3,Bourgeois I,"Bart Tommelein ontslagnemend, Sven Gatz volgt hem op als vice",12/31/2018,1/8/2019,,,,,,,
51,mandaat,,2014,2019,,,,Bourgeois I.3,Bourgeois I,,,,Geert,Bourgeois,N-VA,minister-president van de Vlaamse Regering,1,Vlaams minister van Buitenlands Beleid en Onroerend Erfgoed,
52,mandaat,,2014,2019,,,,Bourgeois I.3,Bourgeois I,,,,Hilde,Crevits,CD&V,viceminister-president van de Vlaamse Regering ,2,Vlaams minister van Onderwijs,
53,mandaat,,2014,2019,,,,Bourgeois I.3,Bourgeois I,,,,Sven,Gatz,Open Vld,viceminister-president van de Vlaamse Regering ,3,"Vlaams minister van Cultuur, Media, Jeugd en Brusselse aangelegenheden",
54,mandaat,,2014,2019,,,,Bourgeois I.3,Bourgeois I,,,,Liesbeth,Homans,N-VA,viceminister-president van de Vlaamse Regering ,4,"Vlaams minister van Binnenlands Bestuur, Inburgering, Wonen, Gelijke Kansen en armoedebestrijding",
55,mandaat,,2014,2019,,,,Bourgeois I.3,Bourgeois I,,,,Ben,Weyts,N-VA,,5,"Vlaams minister van Mobiliteit, Openbare Werken, Vlaamse Rand, Toerisme en Dierenwelzijn",
56,mandaat,,2014,2019,,,,Bourgeois I.3,Bourgeois I,,,,Jo,Vandeurzen,CD&V,,6,"Vlaams minister van Welzijn, Volksgezondheid en Gezin",
57,mandaat,,2014,2019,,,,Bourgeois I.3,Bourgeois I,,,,Philippe,Muyters,N-VA,,7,"Vlaams minister van Werk, Economie, Innovatie en Sport",
58,mandaat,,2014,2019,,,,Bourgeois I.3,Bourgeois I,,,,Joke,Schauvliege,CD&V,,8,"Vlaams minister van Omgeving, Natuur en Landbouw",
40,regering,,2014,2019,https://codex.vlaanderen.be/Zoeken/Document.aspx?DID=1030149&param=informatie,BVR 9/1/2019 ,https://kaleidos.vlaanderen.be/vergadering/5b4d045e-dec1-11e9-aa72-0242c0a80002/agenda/5b4d03b4-dec1-11e9-aa72-0242c0a80002/agendapunten/5b4d0f4e-dec1-11e9-aa72-0242c0a80002/beslissingen,Bourgeois I.3.b,Bourgeois I,Eedaflegging Lydia Peeters,1/9/2019,2/5/2019,,,,,,,
41,mandaat,,2014,2019,,,,Bourgeois I.3.b,Bourgeois I,,,,Geert,Bourgeois,N-VA,minister-president van de Vlaamse Regering,1,Vlaams minister van Buitenlands Beleid en Onroerend Erfgoed,
42,mandaat,,2014,2019,,,,Bourgeois I.3.b,Bourgeois I,,,,Hilde,Crevits,CD&V,viceminister-president van de Vlaamse Regering ,2,Vlaams minister van Onderwijs,
43,mandaat,,2014,2019,,,,Bourgeois I.3.b,Bourgeois I,,,,Sven,Gatz,Open Vld,viceminister-president van de Vlaamse Regering ,3,"Vlaams minister van Cultuur, Media, Jeugd en Brusselse aangelegenheden",
44,mandaat,,2014,2019,,,,Bourgeois I.3.b,Bourgeois I,,,,Liesbeth,Homans,N-VA,viceminister-president van de Vlaamse Regering ,4,"Vlaams minister van Binnenlands Bestuur, Inburgering, Wonen, Gelijke Kansen en armoedebestrijding",
45,mandaat,,2014,2019,,,,Bourgeois I.3.b,Bourgeois I,,,,Ben,Weyts,N-VA,,5,"Vlaams minister van Mobiliteit, Openbare Werken, Vlaamse Rand, Toerisme en Dierenwelzijn",
46,mandaat,,2014,2019,,,,Bourgeois I.3.b,Bourgeois I,,,,Jo,Vandeurzen,CD&V,,6,"Vlaams minister van Welzijn, Volksgezondheid en Gezin",
47,mandaat,,2014,2019,,,,Bourgeois I.3.b,Bourgeois I,,,,Philippe,Muyters,N-VA,,7,"Vlaams minister van Werk, Economie, Innovatie en Sport",
48,mandaat,,2014,2019,,,,Bourgeois I.3.b,Bourgeois I,,,,Joke,Schauvliege,CD&V,,8,"Vlaams minister van Omgeving, Natuur en Landbouw",
49,mandaat,,2014,2019,,,,Bourgeois I.3.b,Bourgeois I,,,,Lydia,Peeters,Open Vld,,9,"Vlaams minister van Begroting, Financiën en Energie",
30,regering,,2014,2019,https://codex.vlaanderen.be/Zoeken/Document.aspx?DID=1030274&param=informatie,BVR 6/2/2019 ,https://kaleidos.vlaanderen.be/vergadering/5b4ffcfe-dec1-11e9-aa72-0242c0a80002/agenda/5b4ffc7c-dec1-11e9-aa72-0242c0a80002/agendapunten/5b500a64-dec1-11e9-aa72-0242c0a80002,Bourgeois I.4,Bourgeois I,"Joke Schauvliege ontslagnemend, eedaflegging Koen Van den heuvel",2/6/2019,7/2/2019,,,,,,,
31,mandaat,,2014,2019,,,,Bourgeois I.4,Bourgeois I,,,,Geert,Bourgeois,N-VA,minister-president van de Vlaamse Regering,1,Vlaams minister van Buitenlands Beleid en Onroerend Erfgoed,
32,mandaat,,2014,2019,,,,Bourgeois I.4,Bourgeois I,,,,Hilde,Crevits,CD&V,viceminister-president van de Vlaamse Regering ,2,Vlaams minister van Onderwijs,
33,mandaat,,2014,2019,,,,Bourgeois I.4,Bourgeois I,,,,Sven,Gatz,Open Vld,viceminister-president van de Vlaamse Regering ,3,"Vlaams minister van Cultuur, Media, Jeugd en Brusselse aangelegenheden",
34,mandaat,,2014,2019,,,,Bourgeois I.4,Bourgeois I,,,,Liesbeth,Homans,N-VA,viceminister-president van de Vlaamse Regering ,4,"Vlaams minister van Binnenlands Bestuur, Inburgering, Wonen, Gelijke Kansen en armoedebestrijding",
35,mandaat,,2014,2019,,,,Bourgeois I.4,Bourgeois I,,,,Ben,Weyts,N-VA,,5,"Vlaams minister van Mobiliteit, Openbare Werken, Vlaamse Rand, Toerisme en Dierenwelzijn",
36,mandaat,,2014,2019,,,,Bourgeois I.4,Bourgeois I,,,,Jo,Vandeurzen,CD&V,,6,"Vlaams minister van Welzijn, Volksgezondheid en Gezin",
37,mandaat,,2014,2019,,,,Bourgeois I.4,Bourgeois I,,,,Philippe,Muyters,N-VA,,7,"Vlaams minister van Werk, Economie, Innovatie en Sport",
38,mandaat,,2014,2019,,,,Bourgeois I.4,Bourgeois I,,,,Lydia,Peeters,Open Vld,,8,"Vlaams minister van Begroting, Financiën en Energie",
39,mandaat,,2014,2019,,,,Bourgeois I.4,Bourgeois I,,,,Koen,Van den Heuvel,CD&V,,9,"Vlaams minister van Omgeving, Natuur en Landbouw",
21,regering,,2014,2019,https://codex.vlaanderen.be/Zoeken/Document.aspx?DID=1031915&param=informatie,BVR 2/7/2019,https://kaleidos.vlaanderen.be/vergadering/5b60a482-dec1-11e9-aa72-0242c0a80002/agenda/5b60a3e2-dec1-11e9-aa72-0242c0a80002/agendapunten/5b60b1b6-dec1-11e9-aa72-0242c0a80002/beslissingen,Homans I.1,Homans I,"Geert Bourgeois ontslagnemend, Liesbeth Homans minister-president",7/2/2019,7/18/2019,,,,,,,
22,mandaat,,2014,2019,,,,Homans I.1,Homans I,,,,Liesbeth,Homans,N-VA,minister-president van de Vlaamse Regering,1,"Vlaams minister van Binnenlands Bestuur, Inburgering, Wonen, Gelijke Kansen en Armoedebestrijding",
23,mandaat,,2014,2019,,,,Homans I.1,Homans I,,,,Hilde,Crevits,CD&V,viceminister-president van de Vlaamse Regering ,2,Vlaams minister van Onderwijs,
24,mandaat,,2014,2019,,,,Homans I.1,Homans I,,,,Sven,Gatz,Open Vld,viceminister-president van de Vlaamse Regering,3,"Vlaams minister van Cultuur, Media, Jeugd en Brusselse aangelegenheden",
25,mandaat,,2014,2019,,,,Homans I.1,Homans I,,,,Ben,Weyts,N-VA,viceminister-president van de Vlaamse Regering,4,"Vlaams minister van Mobiliteit, Openbare Werken, Vlaamse Rand, Toerisme en Dierenwelzijn",
26,mandaat,,2014,2019,,,,Homans I.1,Homans I,,,,Jo,Vandeurzen,CD&V,,5,"Vlaams minister van Welzijn, Volksgezondheid en Gezin",
27,mandaat,,2014,2019,,,,Homans I.1,Homans I,,,,Philippe,Muyters,N-VA,,6,"Vlaams minister van Werk, Economie, Innovatie en Sport",
28,mandaat,,2014,2019,,,,Homans I.1,Homans I,,,,Lydia,Peeters,Open Vld,,7,"Vlaams minister van Begroting, Financiën, Energie, ",
29,mandaat,,2014,2019,,,,Homans I.1,Homans I,,,,Koen,Van den Heuvel,CD&V,,8,"Vlaams minister van Omgeving, Natuur en Landbouw",
12,regering,,2014,2019,https://codex.vlaanderen.be/Zoeken/Document.aspx?DID=1031951&param=informatie,BVR 19/7/2019 ,https://kaleidos.vlaanderen.be/vergadering/5b60d0ba-dec1-11e9-aa72-0242c0a80002/agenda/5b60d01a-dec1-11e9-aa72-0242c0a80002/agendapunten/5b60daec-dec1-11e9-aa72-0242c0a80002/beslissingen,Homans I.2,Homans I,Herverdeling bevoegdheden Gatz,7/19/2019,10/2/2019,,,,,,,
13,mandaat,,2014,2019,,,,Homans I.2,Homans I,,,,Liesbeth,Homans,N-VA,minister-president van de Vlaamse Regering,1,"Vlaams minister van Binnenlands Bestuur, Inburgering, Wonen, Gelijke Kansen en Armoedebestrijding",
14,mandaat,,2014,2019,,,,Homans I.2,Homans I,,,,Hilde,Crevits,CD&V,viceminister-president van de Vlaamse Regering ,2,Vlaams minister van Onderwijs,
15,mandaat,,2014,2019,,,,Homans I.2,Homans I,,,,Lydia,Peeters,Open Vld,viceminister-president van de Vlaamse Regering,3,"Vlaams minister van Begroting, Financiën, Energie, Cultuur, Media en Jeugd",
16,mandaat,,2014,2019,,,,Homans I.2,Homans I,,,,Ben,Weyts,N-VA,viceminister-president van de Vlaamse Regering,4,"Vlaams minister van Mobiliteit, Openbare Werken, Vlaamse Rand, Toerisme en Dierenwelzijn",
17,mandaat,,2014,2019,,,,Homans I.2,Homans I,,,,Jo,Vandeurzen,CD&V,,5,"Vlaams minister van Welzijn, Volksgezondheid en Gezin",
18,mandaat,,2014,2019,,,,Homans I.2,Homans I,,,,Philippe,Muyters,N-VA,,6,"Vlaams minister van Werk, Economie, Innovatie en Sport",
19,mandaat,,2014,2019,,,,Homans I.2,Homans I,,,,Sven,Gatz,Open Vld,,7,Vlaams minister van Brusselse aangelegenheden,
20,mandaat,,2014,2019,,,,Homans I.2,Homans I,,,,Koen,Van den Heuvel,CD&V,,8,"Vlaams minister van Omgeving, Natuur en Landbouw",
11,periode,5/26/2019,2019,2024,https://www.vlaanderenkiest.be/verkiezingen2019/#/,,,Jambon,Jambon,,,,,,,,,,
1,regering,,2019,2024,https://codex.vlaanderen.be/Zoeken/Document.aspx?DID=1032376&param=informatie,BVR 2/10/2019,https://kaleidos.vlaanderen.be/vergadering/5D9B6DCA6B1B810008000176/agenda/5D9B6DCA6B1B810008000177/agendapunten/5D9B8AED6B1B8100080001AA/beslissingen,Jambon,Jambon,Nieuwe regering na verkiezingen,10/2/2019,,,,,,,,
2,mandaat,,2019,2024,,,,Jambon,Jambon,,,,Jan,Jambon,N-VA,minister-president van de Vlaamse Regering,1,"Vlaams minister van Buitenlandse Zaken, Cultuur, ICT en Facilitair Management",
3,mandaat,,2019,2024,,,,Jambon,Jambon,,,,Hilde,Crevits,CD&V,Viceminister-president van de Vlaamse Regering,2,"Vlaams minister van Economie, Innovatie, Werk, Sociale economie en Landbouw",
4,mandaat,,2019,2024,,,,Jambon,Jambon,,,,Bart,Somers,Open Vld,Viceminister-president van de Vlaamse Regering,3,"Vlaams minister van Binnenlands Bestuur, Bestuurszaken, Inburgering en Gelijke Kansen",
5,mandaat,,2019,2024,,,,Jambon,Jambon,,,,Ben,Weyts,N-VA,Viceminister-president van de Vlaamse Regering,4,"Vlaams minister van Onderwijs, Sport, Dierenwelzijn en Vlaamse Rand",
6,mandaat,,2019,2024,,,,Jambon,Jambon,,,,Zuhal,Demir,N-VA,,5,"Vlaams minister van Justitie en Handhaving, Omgeving, Energie en Toerisme",
7,mandaat,,2019,2024,,,,Jambon,Jambon,,,,Wouter,Beke,CD&V,,6,"Vlaams minister van Welzijn, Volksgezondheid, Gezin en Armoedebestrijding",
8,mandaat,,2019,2024,,,,Jambon,Jambon,,,,Matthias,Diependale,N-VA,,7,"Vlaams minister van Financiën en Begroting, Wonen en Onroerend Erfgoed",
9,mandaat,,2019,2024,,,,Jambon,Jambon,,,,Lydia,Peeters,Open Vld,,8,Vlaams minister van Mobiliteit en Openbare Werken,
10,mandaat,,2019,2024,,,,Jambon,Jambon,,,,Benjamin,Dalle,CD&V,,9,"Vlaams minister van Brussel, Jeugd en Media",
